Session,Paper,Title,Association,Keywords,PaperLink,SlidesLink,ShortVideo,LongVideo,Author 1,Affiliation 1,Author 2,Affiliation 2,Author 3,Affiliation 3,Author 4,Affiliation 4,Author 5,Affiliation 5,Author 6,Affiliation 6,Discussant,DiscAffiliation,DiscVideo
1,1,Analyst Coverage and Corporate Risk Taking,ARIA,"Analyst Coverage, Risk Taking, Insurance",https://www.dropbox.com/s/r19e812nx6649th/pingyi%20lou%20-%20S1_P1_paper.pdf?dl=0,https://www.dropbox.com/s/trtdr1bi0wuh3b0/pingyi%20lou%20-%20S1_P1_slides.pdf?dl=0,438227195,438229187,Pingyi Lou,Fudan University,Tao Chen,Nanyang Technological University,Shinichi Kamiya,Nanyang Technological University,Andreas Milidonis,University of Cyprus,,,,,Puneet Prakash,Missouri State University,441345106
1,2,Auditor Endogeneity and Earnings Quality: An Empirical Study of Reserve Management Among US Property-Liability Insurers,APRIA,"Auditor Size, Loss Reserve, Accounting Accuracy, Accounting Conservatism",https://www.dropbox.com/s/d84tzkj71eerbqg/Carol%20Troy%20%20-%20S1_P2_paper.pdf?dl=0,https://www.dropbox.com/s/w26ri3f4yyds1my/Carol%20Troy%20%20-%20S1_P2_slides.pptx?dl=0,440314946,440314966,Carol Troy,Tunghai University,Hua Chen,University of Hawaii,Wen-Yen Hsu,Feng-Chia University,,,,,,,James Carson,University of Georgia,441340904
1,4,Eh-ccruals: Regulatory Impacts on the Reporting of Loss Reserves,ARIA,"Accounting Discretion, Insurance, Loss Reserves, Multinational",https://www.dropbox.com/s/jndfs1u0dkm45mr/Mary%20Kelly%20-%20s1_p4_paper.pdf?dl=0,https://www.dropbox.com/s/zjxkhhcs8e14sk4/Mary%20Kelly%20-%20s1_p4_slides.pdf?dl=0,439263608,439264749,Mary Kelly,Wilfrid Laurier University,Evan Eastman,Florida State University,David Eckles,University of Georgia,Anne Kleffner,University of Calgary,,,,,Juan Zhang,Temple University,441341280
1,5,Insurance Operations and Bank Valuation: Evidence from M&As,ARIA,"Mergers and Acquisitions, Banks, Insurance, Earnings Management, Default Risk",https://www.dropbox.com/s/d8x2rf02bxgcjfs/Manu%20Gupta%20%20-%20S1_P5_paper.docx?dl=0,https://www.dropbox.com/s/tyax6f8cc8a0u8s/Manu%20Gupta%20%20-%20S1_P5_slides.pptx?dl=0,438692827,438692842,Puneet Prakash,Missouri State University,Manu Gupta,Virginia Commonwealth University,,,,,,,,,Shinichi Kamiya,Nanyang Technological University,440049963
1,7,Multimarket Contact and Earnings Quality: Evidence from the Insurance Industry,ARIA,"Earnings Quality, Multimarket Contact, Mutual Forbearance, Insurance Industry",https://www.dropbox.com/s/yx8bgk7ws5wnrjk/Yijia%20Lin%20-%20S1_P7_paper.pdf?dl=0,https://www.dropbox.com/s/xiiqbc0rq2sysbn/Yijia%20Lin%20-%20S1_P7_slides.pdf?dl=0,438408997,438409073,Yijia Lin,University of Nebraska - Lincoln,Wenyi Cai,Independent,Biyu Wu,University of Nebraska - Lincoln,,,,,,,David Eckles,University of Georgia,442014838
1,8,"Personal Background and Accounting Estimates: Cultural Origin, Gender and Reported Loss Reserves",ARIA,"Gender, Culture, Reserving, Accounting Estimates",https://www.dropbox.com/s/ojvxxvn5f19k8yz/OLGA%20KANJ%20-%20S1_P8_paper.pdf?dl=0,https://www.dropbox.com/s/gil8utvpf2xbyn3/OLGA%20KANJ%20-%20S1_P8_slides.pdf?dl=0,438323115,438325656,Olga Kanj,Wilfrid Laurier University,Evan Eastman,Florida State University,Mary Kelly,Wilfrid Laurier University,,,,,,,Carol Troy,Tunghai University,441336783
1,9,Regulatory Capital Planning and Deferred Tax Assets in a Post-Financial Crisis Environment,ARIA,"Deferred Tax Assets, Regulatory Capital, Insurance, Ratings, Regulation",https://www.dropbox.com/s/y2v2pqiw9xqeuvq/Evan%20Eastman%20-%20S1_P9_paper.pdf?dl=0,https://www.dropbox.com/s/pg09ypdof52bd2k/Evan%20Eastman%20-%20S1_P9_slides.pdf?dl=0,438336595,438336926,Evan Eastman,Florida State University,Anne Ehinger,Florida State University,Cathryn Meegan,Florida State University,,,,,,,Pingyi Lou,Fudan University,440049848
1,10,Structured Entities and Stock Price Crash Risk,ARIA,"Structured Entities, Information Asymmetry, Stock Price Crash Risk, Unconsolidated, Opaque Financial Reporting",https://www.dropbox.com/s/3ciggrwmn6eocpd/Xiaofeng%20Quan%20%20-%20S1_P10_paper.pdf?dl=0,https://www.dropbox.com/s/i8z5za13cyg5ejt/Xiaofeng%20Quan%20%20-%20S1_P10_slides.pdf?dl=0,440051027,440051597,Xiaofeng Quan,Soochow University,Tang Xiaojian,Nanjing Agriculture University,Zeng Yamin,Jinan University,Zhang Junsheng,Sun Yat-sen University,,,,,Dan Yang,University of Georgia,440049199
1,11,Can Companies Improve Their Credit Ratings Without Improving Their Financials?,ARIA,"Permitted Practices, Credit Rating, Accounting Standards",https://www.dropbox.com/s/zj56yjrk847gr2p/Alejandro%20Drexler%20%20-%20s1_p11_paper.pdf?dl=0,https://www.dropbox.com/s/eenbbedlnh5f4g3/Alejandro%20Drexler%20%20-%20s1_p11_slides.pptx?dl=0,438545906,438545888,Alejandro Drexler,Federal Reserve Bank of Chicago,Andrew Granato,Federal Reserve Bank of Chicago,,,,,,,,,Andreas Milidonis,University of Cyprus,441335842
1,12,The Impact of Earnings Reclassification on the Informativeness of Earnings: Evidence from Public Insurers,ARIA,"ERC, Earnings Announcement, Earnings Reclassification, Public Insurers",https://www.dropbox.com/s/xv5wveivy8q91ip/Dan%20Yang%20-%20S1_P12_paper.pdf?dl=0,https://www.dropbox.com/s/6r59qs3allh8ki5/Dan%20Yang%20-%20S1_P12_slides.pptx?dl=0,438421783,438421787,Dan Yang,University of Georgia,James Carson,University of Georgia,Evan Eastman,Florida State University,,,,,,,Alejandro Drexler,Federal Reserve Bank of Chicago,441335385
1,13,Tort Reform and Physician Moral Hazard,ARIA,"Tort Reform, Medical Malpractice Insurance, Moral Hazard, Full Information Reserve Revision (FIRR)",https://www.dropbox.com/s/sk5jv842oititbr/Juan%20Zhang%20-%20S1_P13_paper.pdf?dl=0,https://www.dropbox.com/s/ujkr0hfvnt1nzng/Juan%20Zhang%20-%20S1_P13_slides.pptx?dl=0,439264346,439264411,Juan Zhang,Temple University,,,,,,,,,,,Evan Eastman,Florida State University,441338626
2,1,80 Will be the New 70: Old-Age Mortality Postponement in the US and Its Likely Effect of the Finances of the OASI Program,ARIA,"Mortality, Longevity, Public Finance, Social Security, Population Ageing",https://www.dropbox.com/s/67yismkoe1bx74n/David%20McCarthy%20%20-%20S2_P1_paper.pdf?dl=0,https://www.dropbox.com/s/lvfkaiegvzg2nlj/David%20McCarthy%20%20-%20S2_P1_slides.ppt?dl=0,438781126,438781087,David McCarthy,University of Georgia,,,,,,,,,,,Eric Ulm,Victoria University of Wellington,440669489
2,2,A Mixed Bond and Equity Fund Model for the Valuation of Segregated Fund Policies,MRS,"Variable Annuities, Mutual Fund Model, Bond Fund, Basis Risk",https://www.dropbox.com/s/s3u5scpmp7pz62g/Maciej%20Augustyniak%20-%20S2_P2_paper.pdf?dl=0,https://www.dropbox.com/s/3hm686tqfonw24r/Maciej%20Augustyniak%20-%20S2_P2_slides.pdf?dl=0,438413207,438413202,Maciej Augustyniak,University of Montréal,Frédéric Godin,Concordia University,Emmanuel Hamel,Laval University,,,,,,,Kwangmin Jung,Drake University,440669929
2,3,Accommodation or Obfuscation? Product Innovation in the Variable Annuities Market,ARIA,"Background on Variable Annuities, Morningstar Annuity Intelligence, Extended Carlin, Regression Analysis",https://www.dropbox.com/s/3b3nopw4jhksin8/Xiaochen%20Jing%20%20-%20S2_P3_paper.pdf?dl=0,https://www.dropbox.com/s/jfwzen0abuehcvy/Xiaochen%20Jing%20%20-%20S2_P3_slides.pdf?dl=0,437471660,437472511,Xiaochen Jing,University of Wisconsin - Madison,Daniel Bauer,University of Wisconsin - Madison,,,,,,,,,Jin Gao,Lingnan University,442014859
2,4,A Unified Framework for Insurance Demand and Mortality Immunization,ARIA,"Life-Cycle Model, Insurance Demand, Mortality Immunization, Tâtonnement Pricing",https://www.dropbox.com/s/7f5gxucsdnna3va/Hua%20Chen%20-%20S2_P4_paper.pdf?dl=0,https://www.dropbox.com/s/xllm97t7zpzh9gg/Hua%20Chen%20-%20S2_P4_slides.pdf?dl=0,439263759,439263803,Jin Gao,Lingnan University,Hua Chen,University of Hawaii at Manoa,Wei Zhu,University of International Business and Economics,,,,,,,Maciej Augustyniak,University of Montréal,440673721
2,5,Basis Risk in Variable Annuities,ARIA,"Variable Annuities, Basis Risk, Mutual Funds, LASSO Regression",https://www.dropbox.com/s/ag3lzac5hl37hba/Wenchu%20Li%20-%20S2_P5_paper.pdf?dl=0,https://www.dropbox.com/s/i00h42qq5n3gjd6/Wenchu%20Li%20-%20S2_P5_slides.pdf?dl=0,438782448,438782495,Wenchu Li,Temple University,Thorsten Moenig,Temple University,Maciej Augustyniak,University of Montréal,,,,,,,Daniel Bauer,University of Wisconsin - Madison,441337131
2,6,Subnational Mortality Modeling: Bayesian Hierarchical Models with Common Factors,APRIA,"Mortality Modeling, Bayesian Framework, Hierarchical Models, Coherent Mortality Projection",https://www.dropbox.com/s/rrkktyiy3a0rc2p/Katja%20Hanewald%20-%20S2_P6_paper.pdf?dl=0,https://www.dropbox.com/s/29jrelvt5a3vwyk/Katja%20Hanewald%20-%20S2_P6_slides.pdf?dl=0,438546068,438546099,Katja Hanewald,"CEPAR, UNSW Sydney",Qian Lu,Renmin University of China,Xiaojun Wang,Renmin University of China,,,,,,,Po-Lin Wang,University of South Florida,441344737
2,8,Influences on Sponsor Contributions to Defined Benefit Pension Plans in the US,ARIA,"Defined Benefit Pension Plan, Voluntary Contribution, Full Funding Limitation, Underfunded, Marginal Effects, Heckman Test",https://www.dropbox.com/s/6gmolh79vbbon23/Tanjila%20Tabassum%20%20-%20S2_P8_paper.pdf?dl=0,https://www.dropbox.com/s/h0lrafs5lvvigc1/Tanjila%20Tabassum%20%20-%20S2_P8_slides.pdf?dl=0,438782296,438782332,Tanjila Tabassum,Victoria University of Wellington,Eric Ulm,Victoria University of Wellington,Robert Kirkby,Victoria University of Wellington,,,,,,,Xiaochen Jing,University of Wisconsin - Madison,440050256
2,9,"Life Insurance and Annuity Pricing During the Financial Crisis, Revisited",ARIA,"Life Insurance, Financial Crisis, Statutory Accounting, Risk-Adjusted Discount Rates",https://www.dropbox.com/s/fifhst75uqyjo3v/George%20Zanjani%20-%20S2_P9_paper.pdf?dl=0,https://www.dropbox.com/s/ohmie3c1lv4nb6p/George%20Zanjani%20-%20S2_P9_slides.pptx?dl=0,437308087,437308042,George Zanjani,University of Alabama,Daniel Bauer,University of Wisconsin - Madison,Lars Powell,University of Alabama,Boheng Su,University of Alabama,,,,,David McCarthy,University of Georgia,441337485
2,10,Long-Term Care Financing Using Home Equity Release: Evidence from an Experimental Study,ARIA,"Long-Term Care Insurance, Reverse Mortgage, Retirement Products",https://www.dropbox.com/s/27nmhab7z066g0p/Tin%20Long%20Ho%20-%20S2_P10_paper.docx?dl=0,https://www.dropbox.com/s/9s4ug0ehx3wyhav/Tin%20Long%20Ho%20-%20S2_P10_slides.pptx?dl=0,438281430,438281325,Tin Long Ho,"CEPAR, UNSW Sydney",Katja Hanewald,"CEPAR, UNSW Sydney",Hazel Bateman,"CEPAR, UNSW Sydney",Hanming Fang,"CEPAR, UPenn, ShanghaiTech University",,,,,Christian Hilpert,Lingnan College,440669321
2,12,Pooling Mortality Risk in Eurozone State Pension Liabilities: An Application of a Bayesian Coherent Multi-Population Cohort-Based Mortality Model,ARIA,"Mortality Model, Pension, Pooling, Cohort",https://www.dropbox.com/s/jbjvwyjv031yaul/Po-Lin%20Wang%20%20-%20S2_P12_paper.pdf?dl=0,https://www.dropbox.com/s/gs59qtl0j5yssrx/Po-Lin%20Wang%20%20-%20S2_P12_slides.pdf?dl=0,438781878,438781916,Po-Lin Wang,University of South Florida,David McCarthy,University of Georgia,,,,,,,,,Thorsten Moenig,Temple University,440674165
2,15,Variable Annuities: Market Incompleteness and Policyholder Behavior,ARIA,"Variable Annuities, Market Incompleteness, Policyholder Behavior",https://www.dropbox.com/s/jpuo5ijkgr2dih4/Thorsten%20Moenig%20-%20S2_P15_paper.pdf?dl=0,https://www.dropbox.com/s/lqfldpr5x4ftmi5/Thorsten%20Moenig%20-%20S2_P15_slides.pdf?dl=0,431286546,431286548,Thorsten Moenig,Temple University,,,,,,,,,,,Tin Long Ho,"CEPAR, UNSW Sydney",442117968
2,16,Yield-Hungry Life Insurers' Currency Hedging and Fair Premiums Under the Impact of Regulatory Schemes,APRIA,"Exchange Rate Risk, Insurance Guaranty Fund, Early Closure, Capital Forbearance, Grace Period",https://www.dropbox.com/s/0adsjzc44c3759o/Yu-Ying%20Tzeng%20%20-%20S2_P16_paper.pdf?dl=0,https://www.dropbox.com/s/ebzexg28c4gu5gu/Yu-Ying%20Tzeng%20%20-%20S2_P16_slides.pdf?dl=0,438782635,438782683,Shih-Chieh Bill Chang,National Chengchi University,Yen-Kuan Lee,National Chengchi University,Yu-Ying Tzeng,National Chengchi University,,,,,,,Frédéric Godin,Concordia University,440131193
3,1,"Belief Distributions, Overconfidence and Bayes Rule",EGRIE,"Bayes Rule, Behavioral Biases, Overconfidence, Experimental Methods",https://www.dropbox.com/s/h3x6v56cf5wedyr/Glenn%20Harrison%20-%20S3_P1_paper.pdf?dl=0,https://www.dropbox.com/s/jsl88dtzsfesyr6/Glenn%20Harrison%20-%20S3_P1_slides.pdf?dl=0,440049261,440049336,Glenn Harrison,"CEAR, Georgia State University",J. Todd Swarthout,Georgia State University,,,,,,,,,Zhe Yang,Wofford College,441347385
3,2,Bilateral Risk Sharing with No Aggregate Uncertainty Under Rank-Dependent Utility,ARIA,"Risk Sharing, Pareto Optimality, Sunspots, Rank-Dependent Utility",https://www.dropbox.com/s/y5grgdcxzhu587m/Tim%20Boonen%20%20-%20S3_P2_paper.pdf?dl=0,https://www.dropbox.com/s/ckd88w0m5qwuxmc/Tim%20Boonen%20%20-%20S3_P2_slides.pdf?dl=0,438001513,438001519,Tim Boonen,University of Amsterdam,Mario Ghossoub,University of Waterloo,,,,,,,,,Richard Peter,University of Iowa,441345624
3,4,Decomposing the Disposition Effect,EGRIE,"Disposition Effect, Investment Behavior, Rational Benchmark, Behavioral Models",https://www.dropbox.com/s/g5c9f5iqo4gxn28/Johannes%20Maier%20-%20S3_P4_paper.pdf?dl=0,https://www.dropbox.com/s/qqra9w6fhv8pscj/Johannes%20Maier%20-%20S3_P4_slides.pdf?dl=0,439264238,439264287,Johannes Maier,LMU Munich,Dominik Fischer,LMU Munich,,,,,,,,,Sebastain Awondo,The University of Alabama,441346215
3,7,How Biased Focus Can Explain Demand for Low Deductibles,ARIA,"Health Insurance, Policy, Bounded Rationality, Focus Theory",https://www.dropbox.com/s/0zydeghnivj6ryc/Christian%20Biener%20%20-%20S3_P7_paper.pdf?dl=0,https://www.dropbox.com/s/2txjh3w0lvm89cn/Christian%20Biener%20%20-%20S3_P7_slides.pdf?dl=0,437865445,437866626,Christian Biener,University of St. Gallen,,,,,,,,,,,Dennis Strümpel,LMU Munich,441337990
3,8,How Do Risk Attitudes and Homeowners Insurance Literacy Impact Default Behavior?,ARIA,"Risk Attitudes, Mixed Risk-Loving, Insurance Literacy, Premium Cost Savings, Windstorm Mitigation, Homeowners Insurance",https://www.dropbox.com/s/15o5kviname26vf/Sebastain%20Awondo%20%20-%20S3_P8_paper.pdf?dl=0,https://www.dropbox.com/s/uamb770m9dz93n0/Sebastain%20Awondo%20%20-%20S3_P8_slides.pdf?dl=0,440049897,440049914,Sebastain Awondo,The University of Alabama,Henry Downes,Notre Dame University,,,,,,,,,Sifullah Khaled,Glasgow Caledonian University,440674014
3,9,Is Hedging for Believers? The Role of Expectations in Production and Hedging Decisions,ARIA,"Prudence, Smooth Ambiguity Aversion, Hedging, Comparative Statics",https://www.dropbox.com/s/gc72e5aoryj1h0o/Richard%20Peter%20-%20S3_P9_paper.pdf?dl=0,https://www.dropbox.com/s/o6u2mulht9ek9eo/Richard%20Peter%20-%20S3_P9_slides.pdf?dl=0,438694561,438694573,Richard Peter,University of Iowa,Martin Reinke,University of Munich (LMU),,,,,,,,,Johannes Maier,LMU Munich,442117959
3,10,On the Change of Risk Aversion in Wealth: Experimental Evidence from a Closed Economic System,ARIA,"Risk Preferences, Field Experiment, Heuristics",https://www.dropbox.com/s/qlpvsurryk8q2un/Dennis%20Str%C3%BCmpel%20%20-%202020-07-15%2014-40-48%20-%20S3_P10_paper.pdf?dl=0,https://www.dropbox.com/s/elvs4c4y043am04/Dennis%20Str%C3%BCmpel%20%20-%20S3_P10_slides.pdf?dl=0,438651620,438651658,Dennis Strümpel,"MRIC, LMU Munich",Tobias Huber,"MRIC, LMU Munich",Andreas Richter,"MRIC, LMU Munich",Johannes Jaspersen,Leibniz University of Hannover,,,,,Jörg Schiller,University of Hohenheim,440669864
3,11,Optimality of Winner-Take-All Contests: The Role of Attitudes Toward Risk,EGRIE,"Contest, Winner Take All, Risk Aversion, Prudence",https://www.dropbox.com/s/dl7ldocf2za5mmu/Liqun%20Liu%20%20-%20S3_P11_paper.doc?dl=0,https://www.dropbox.com/s/dh1frawf5gwlage/Liqun%20Liu%20%20-%20S3_P11_slides.pptx?dl=0,437885820,437885838,Liqun Liu,Texas A&M University,Nicolas Treich,University Toulouse Capitole,,,,,,,,,Andreas Richter,LMU Munich,441336007
3,12,Relative Wealth Placement and Risk-Taking Behavior,ARIA,"Decision-Making Under Risk, Social Comparison, Relative Standing, Risk Preferences, Last-Place Aversion",https://www.dropbox.com/s/me0pdh6jvnn60yk/Marc-Andre%20Hillebrandt%20%20-%20S3_P12_paper.pdf?dl=0,https://www.dropbox.com/s/21nc936vx40i6ks/Marc-Andre%20Hillebrandt%20%20-%20S3_P12_slides.pdf?dl=0,438652094,438652136,Marc-André Hillebrandt,University of Hamburg,Petra Steinorth,University of Hamburg,,,,,,,,,Liqun Liu,Texas A&M University,439264678
3,14,Risk Effects on Optimal Decision Making: A Question of the Right Order,APRIA,"Higher-Order Risk, Relative Risk Aversion, Comparative Statics, Decision Making",https://www.dropbox.com/s/91gihxoviq6nzd4/Richard%20Peter%20-%20S3_P14_paper.pdf?dl=0,https://www.dropbox.com/s/5fv0jfiz369s7f5/Richard%20Peter%20-%20S3_P14_slides.pptx?dl=0,437986961,437986819,Richard Peter,University of Iowa,Mario Menegatti,Universita degli Studi di Parma,,,,,,,,,Glenn Harrison,"CEAR, Georgia State University",440049356
3,15,Separating Ambiguity and Ambiguity Attitude with Mean-Preserving Capacities: Theory and Applications,EGRIE,"Choquet Expected Utility, Mean-Preserving Capacity, Ambiguity, Comparative Statics",https://www.dropbox.com/s/rgz40zaqlbe17wn/Richard%20Peter%20-%20S3_P15_paper.pdf?dl=0,https://www.dropbox.com/s/60fnd61wrkr6g69/Richard%20Peter%20-%20S3_P15_slides.pptx?dl=0,438004052,438004002,Richard Peter,University of Iowa,Pascal Toquebeuf,University of Grenobles-Alpes,,,,,,,,,Paul Thistle,University of Nevada Las Vegas,440673862
3,16,The Effects of Correlated Risks on Saving Decisions,ARIA,"Precautionary Saving, Background Risk, Bivariate Preferences, Quadrant Dependence",https://www.dropbox.com/s/86ffm51mmwvahap/Zhe%20Yang%20%20-%20S3_P16_paper.pdf?dl=0,https://www.dropbox.com/s/91i6smfz5eudspw/Zhe%20Yang%20%20-%20S3_P16_slides.pdf?dl=0,439265553,439265612,Zhe Yang,Wofford College,,,,,,,,,,,Christian Biener,University of St. Gallen,439263546
3,17,The Impact of Different Non-Economic Shocks on Interpersonal Trust,ARIA,"Trust, Interpersonal Trust, Shocks, Financial Decision-Making, Regression-Adjusted Matching",https://www.dropbox.com/s/ysigoz9c029pqg9/Sophie%20Roth%20%20-%20S3_17_paper.pdf?dl=0,https://www.dropbox.com/s/g86jv0dw7qe9twf/Sophie%20Roth%20%20-%20S3_17_slides.pdf?dl=0,438679262,439031192,Sophie Roth,"MRIC, LMU Munich",,,,,,,,,,,Anastasia Ivantsova,University of Calgary,443159782
3,18,"Who Should Exert More Effort? Risk Aversion, Downside Risk Aversion and Optimal Prevention",EGRIE,"Risk Aversion, Downside Risk Aversion, Prevention, Self-Protection",https://www.dropbox.com/s/262r9v99n1xkdl3/Richard%20Peter%20-%20S3_P18_paper.pdf?dl=0,https://www.dropbox.com/s/yc4z4pxvaye4gcx/Richard%20Peter%20-%20S3_P18_slides.pptx?dl=0,437912946,437912928,Richard Peter,University of Iowa,,,,,,,,,,,Tim Boonen,University of Amsterdam,439265324
4,1,A Machine Learning Approach to Predicting Earnings Management,EGRIE,"Machine Learning, Earnings Management, Reserve Error, Financial Statements",https://www.dropbox.com/s/yuhbkhxfp0uk1j7/Sandra%20Zoller%20-%20S4_P1_paper.pdf?dl=0,https://www.dropbox.com/s/xz68p8bxi7eaesx/Sandra%20Zoller%20-%20S4_p1_slides.pdf?dl=0,438546167,438546197,Sandra Zoller,"MRIC, LMU Munich",Andreas Richter,"MRIC, LMU Munich",Johannes Jaspersen,Leibniz University of Hannover,,,,,,,Martin Halek,University of Calgary,441343497
4,3,Qualitative Assessment of Cyber Risk Exposures in India and Mitigation Measures,APRIA,"Phishing, Vulnerability, Risk Exposures, Cyber Security, DRR, Preventive Control",https://www.dropbox.com/s/58mzwaac4xedl6o/Steward%20Doss%20%20-%20S4_P3_Paper.pdf?dl=0,https://www.dropbox.com/s/03xvxf7ycmvfcir/Steward%20Doss%20%20-%20S4_P3_Slides.pptx?dl=0,438782198,443477155,Steward Doss,National Insurance Academy,Raveendran Narasimhan,Xsentinel Risk and Claims Advisory Pvt. Ltd.,,,,,,,,,Stephen Mildenhall,St. John's University,442526487
4,5,Cyber Risk Management in the US and European Banking and Insurance Industry: A Textual and Empirical Analysis of Determinants and Value,APRIA,"Cyber(Security) Risk Management, Cyber Risk, Cybersecurity, Text Mining",https://www.dropbox.com/s/rf526qtawz3fb2q/Madeline%20Schubert%20%20-%20S4_P5_paper.pdf?dl=0,https://www.dropbox.com/s/62ej7ax12kczgj1/Madeline%20Schubert%20%20-%20S4_P5_slides.pdf?dl=0,438140938,438142707,Madeline Schubert,Friedrich-Alexander University Erlangen-Nürnberg (FAU),Nadine Gatzert,Friedrich-Alexander University Erlangen-Nürnberg (FAU),,,,,,,,,Shinichi Yamamoto,Ritsumeikan University,440131296
4,6,Pandemic Cyber Risk,ARIA,"Cyber Risk, Pandemic Risk, Systemic Cyber Risk, Network Model, Risk Accumulation",https://www.dropbox.com/s/vslyd22qb6efvmm/Werner%20Schnell%20%20-%20S4_P6_paper.pdf?dl=0,https://www.dropbox.com/s/a87pzoxssnk2okg/Werner%20Schnell%20%20-%20S4_P6_slides.pptx?dl=0,438652589,438652642,Werner Schnell,University of St. Gallen,,,,,,,,,,,Jacek Lisowski,Poznań University of Economics and Business,441340176
4,7,Is Cyber Risk Insurable?,APRIA,"Cyber Risk, Market Failure, Insurability, Extreme Value Theory, Loss Distribution Approach, Risk Management, Insurance Economics",https://www.dropbox.com/s/2jyt9qojq1ftqw7/Martin%20Eling%20-%20S4_P7_paper.pdf?dl=0,https://www.dropbox.com/s/ue1aihiq9zozbwx/Martin%20Eling%20-%20S4_P7_slides.pptx?dl=0,438098800,438098809,Martin Eling,University of St. Gallen,Werner Schnell,University of St. Gallen,,,,,,,,,Faith Neale,University of North Carolina - Charlotte,440315009
4,8,Financial Service’s Innovations Cycles - Case of Trade Credit Insurance Market,APRIA,"Innovations Cycles, Trade Credit Insurance Market, Evolution of Insurance Market",https://www.dropbox.com/s/f69ruaemv2ritfh/Jacek%20Lisowski%20-%20S4_P8_paper.pdf?dl=0,https://www.dropbox.com/s/lotdr7hpdazci97/Jacek%20Lisowski%20-%20S4_P8_slides.pdf?dl=0,438781287,438781314,Jacek Lisowski,Poznań University of Economics and Business,Adam Śliwiński,Warsaw School of Economics,,,,,,,,,Werner Schnell,University of St. Gallen,441335223
4,9,How Does InsurTech Benefit Insurers? Evidence from Usage-Based Insurance Programs,ARIA,"Insurtech, Usage-Based Insurance, Underwriting Performance",https://www.dropbox.com/s/gampmq45hysrib3/Xin%20Che%20%20-%20S4_P9_paper.pdf?dl=0,https://www.dropbox.com/s/glv9i88ri1e7yp8/Xin%20Che%20%20-%20S4_P9_slides.pdf?dl=0,438782534,438782585,Xin Che,California State University,Andre Liebenberg,University of Mississippi,Jianren Xu,University of North Texas,,,,,,,Martin Eling,University of St. Gallen,440049623
4,10,How Words Rebuild Trust After Crises: Textual and Sentiment Analyses,ARIA,"Crisis Management, Apologies, Textual Analysis",https://www.dropbox.com/s/0f6na2fswkrmkqu/Krupa%20Viswanathan%20-%20S4_P10_paper.pdf?dl=0,https://www.dropbox.com/s/lptgmi3atkujtda/Krupa%20Viswanathan%20-%20S4_P10_slides.pdf?dl=0,439264548,439056250,Krupa Viswanathan,Temple University,Tracey Tran,Pennsylvania State University,,,,,,,,,Xin Che,California State University,440315251
4,12, 'Negative Moral Hazard' Due to Login to an Application for Health Care on Smartphone,APRIA,"Medical Insurance, Health Promotion, Login to an Application on Smartphone, Moral Hazard",https://www.dropbox.com/s/q5btfe2sgwjg5vv/Shinichi%20Yamamoto%20%20-%20S4_P12_paper.pdf?dl=0,https://www.dropbox.com/s/flg4k0jvurrk8q0/Shinichi%20Yamamoto%20%20-%20S4_P12_slides.pdf?dl=0,438053586,438053622,Shinichi Yamamoto,Ritsumeikan University,Katsuhiko Nagai,JMDC Inc.,Takashi Tanaka,JMDC Inc.,Yoshiyuki Kuno,JMDC Inc.,Takau Yoneyama,Tokyo Keizai University,,,Steward Doss,National Insurance Academy,440315228
4,13,Neural Network-Based Design of Index Insurance,ARIA,"Climate Risk, Index Insurance, Basis Risk, Neural Network, Machine Learning",https://www.dropbox.com/s/o23x1s93hzh7mlj/Wenjun%20Zhu%20-%20S4_P13_paper.pdf?dl=0,https://www.dropbox.com/s/ywx6f0s5xndnh5v/Wenjun%20Zhu%20-%20S4_P13_slides.pdf?dl=0,438565411,438565449,Wenjun Zhu,Nanyang Technological University,Zhanhui Chen,Hong Kong University of Science and Technology,Yang Lu,University of Paris 13,Jinggong Zhang,Nanyang Technological University,,,,,Simone Krummaker,Cass Business School,440674057
4,14,Prediction of Claims in Export Credit Finance: A Comparison of Four Machine Learning Techniques,ARIA,"Machine Learning, Claims Prediction, Export Credit Insurance",https://www.dropbox.com/s/xx3g9wh8lknt89z/Simone%20Krummaker%20-%20S4_P14_Paper.pdf?dl=0,https://www.dropbox.com/s/z3camqd9mq08lm7/Simone%20Krummaker%20-%20S4_P14_slides.pdf?dl=0,438782038,438782086,Simone Krummaker,Cass Business School,Mathias Bärtl,Offenburg University,,,,,,,,,Jian Zhang,Temple University,441340581
4,15,Technological Innovation in Insurance,ARIA,"Insurtech, Fintech, Innovation, Acquisitions, Efficiency",https://www.dropbox.com/s/lnpdewtc11y0spu/Faith%20Neale%20-%20S4_P15_paper.pdf?dl=0,https://www.dropbox.com/s/xywh5r2d54meel4/Faith%20Neale%20-%20S4_P15_slides.pdf?dl=0,437213739,437213725,Faith Neale,University of North Carolina - Charlotte,Pamela Drake,James Madison University,Licheng Jin,Southwestern University of Finance and Economics,,,,,,,Sandra Zoller,LMU Munich,439265130
4,16,Textual Analysis on Insurers' Annual Statements,APRIA,"Text Mining, NAIC Filings, Topic Model",https://www.dropbox.com/s/ccts17uthealmhm/Jian%20Zhang%20-%20S4_P16_Paper.pdf?dl=0,https://www.dropbox.com/s/5u2ec4k4162iru3/Jian%20Zhang%20-%20S4_P16_slides.pptx?dl=0,439056222,439264100,Jian Zhang,Temple University,,,,,,,,,,,Wenjun Zhu,Nanyang Technological University,440674304
5,1,Moral Hazard in Auto Insurance with Big Data,EGRIE,"Moral Hazard, Adverse Selection, Telemonitoring Devices, Big Data",https://www.dropbox.com/s/pofmwp9j9n7t6os/Marco%20Cosconati%20-%20S5_P1_paper.pdf?dl=0,https://www.dropbox.com/s/qyv09hs45xtyq7u/Marco%20Cosconati%20-%20S5_P1_slides.pdf?dl=0,438692862,438692878,Marco Cosconati,"Bank of Italy, IVASS",,,,,,,,,,,Lu Li,LMU Munich,440673651
5,2,Dynamic Information Asymmetry in Micro Health Insurance: Implication for Sustainability,APRIA,"Dynamic Information Asymmetry, Microinsurance, Multivariate Recurrent Event Model",https://www.dropbox.com/s/v6efe7zxcpc3wrz/Yi%20Yao%20%20-%20S5_P2_paper.pdf?dl=0,https://www.dropbox.com/s/z3dzyosvdqeshm0/Yi%20Yao%20%20-%20S5_P2_slides.pptx?dl=0,438546226,438546249,Yi Yao,Peking University,Xiaoqi Zhang,"National School of Development, Southeast University",Yi Chen,Peking University,,,,,,,Esteban Méndez-Chacón,Banco Central de Costa Rica,441338449
5,3,Asset Sensitivity and Risk Selection,ARIA,"Advantageous Selection, Two-Argument Utility Function, Income, Insurable Asset",https://www.dropbox.com/s/9s5fq21racgnx5z/Kyungsun%20Kim%20%20-%20S5_P3_paper.pdf?dl=0,https://www.dropbox.com/s/ky2tdhdf9l707zf/Kyungsun%20Kim%20%20-%20S5_P3_slides.pdf?dl=0,438651931,438651969,Kyungsun Kim,Seoul National University,S. Hun Seog,Seoul National University,,,,,,,,,Marco Cosconati,"Bank of Italy, IVASS",441342781
5,6,"Public Knowledge, Private Information, and the Prevention of Interdependent Risks",EGRIE,"Externality, Prevention, Technological Transparency, Value Of Information",https://www.dropbox.com/s/8h9ng6hlwtjmw79/Lu%20Li%20-%20S5_P6_paper.pdf?dl=0,https://www.dropbox.com/s/cvgasv0dcnhj0y9/Lu%20Li%20-%20S5_P6_slides.pdf?dl=0,438546128,438546151,Lu Li,LMU Munich,Alexander Muermann,Vienna University of Economics and Business,Andreas Richter,LMU Munich,,,,,,,Wenjun Zhu,Nanyang Technological University,440680641
5,7,"Reputation Effects in Repeated Audits, with Application to Insurance Fraud Deterrence",EGRIE,"Insurance Fraud, Optimal Auditing, Reputation, Learning, Deterrence",https://www.dropbox.com/s/v8zto6laideahnb/Reda%20Aboutajdine%20-%20S5_P7_Paper.pdf?dl=0,https://www.dropbox.com/s/edxgi2nifw5qfhq/Reda%20Aboutajdine%20-%20S5_P7_Slides.pdf?dl=0,439264999,439265063,Pierre Picard,"Ecole Polytechnique, CREST",Reda Aboutajdine,World Bank,,,,,,,,,Kyungsun Kim,Seoul National University,440669992
5,8,"Supply, Demand and Selection in Insurance Markets: Theory and Application in Pictures",ARIA,"Adverse Selection, Moral Hazard, Non-Exclusive Contract",https://www.dropbox.com/s/0y6mk4zkxz37pxn/Paul%20Thistle%20%20-%20S5_P8_paper.pdf?dl=0,https://www.dropbox.com/s/19yskw332kepp9i/Paul%20Thistle%20%20-%20S5_P8_slides.pptx?dl=0,438781756,438781826,Paul Thistle,University of Nevada Las Vegas,Casey Rothschild,Wellesley College,,,,,,,,,Pierre Picard,"Ecole Polytechnique, CREST",440315189
5,9,The Impact of Asymmetric Information on Medical Cost: Separating the Effects of Adverse Selection and Moral Hazard on Health Insurance,APRIA,"Adverse Selection, Moral Hazard, Medical Expenditure, Supplementary Health",https://www.dropbox.com/s/yszjgvueh86kqv1/Ennan%20Wang%20%20-%20S5_P9_paper.docx?dl=0,https://www.dropbox.com/s/k9lkdq6ckrq931j/Ennan%20Wang%20%20-%20S5_P9_slides.pptx?dl=0,438564934,438564962,Jihong Ding,Nankai University,Minglai Zhu,Nankai University,Ennan Wang,Nankai University,,,,,,,Yi Yao,Peking University,440315267
5,10,Adverse Selection and Moral Hazard in Private Healthcare When Universal Healthcare is Available,ARIA,"Health Insurance, Public Option, Adverse Selection, Moral Hazard",https://www.dropbox.com/s/s0oeas7l21112gm/Esteban%20M%C3%A9ndez-Chac%C3%B3n%20%20-%20S5_P10_paper.pdf?dl=0,https://www.dropbox.com/s/jhoomdko4x0owrc/Esteban%20M%C3%A9ndez-Chac%C3%B3n%20%20-%20S5_P10_slides.pdf?dl=0,438692784,438692801,Esteban Méndez-Chacón,Banco Central de Costa Rica,Jason Somerville,Cornell University,Matthew Thirkettle,Cornell University,,,,,,,Casey Rothschild,Wellesley College,440669236
6,1,A Risk-Pooling Arrangement Involving Individuals with Regret and Rejoicing,APRIA,"Risk-Pooling Arrangement, Regret, Rejoicing",https://www.dropbox.com/s/6zb96lr8u7qiqma/Mahito%20Okura%20%20-%20S6_P1_paper.pdf?dl=0,https://www.dropbox.com/s/lc80uhi6hf2e2qi/Mahito%20Okura%20%20-%20S6_P1_slides.pdf?dl=0,438089471,438089585,Mahito Okura,Doshisha Women's College of Liberal Arts,,,,,,,,,,,Jacqueline Volkman-Wise,Temple University,441340378
6,2,Behavioral Bias in Ocean Marine Insurance - Focusing on Status Quo Bias,APRIA,"Behavioral Insurance, Status Quo Bias, Ocean Marine Insurance, Corporate Insurance Demand",https://www.dropbox.com/s/v37g8f4dnzg7i0v/Hongjoo%20Jung%20%20-%20S6_P2_paper.pdf?dl=0,https://www.dropbox.com/s/z09lc8878gzp3ru/soyoung%20LIM%20%20-%20S6_P2_slides.pdf?dl=0,438652457,438652489,Hongjoo Jung,SKK University,Soyoung Lim,SKK University,,,,,,,,,Kwangmin Jung,Drake University,440669965
6,3,Consumer Passiveness and Retail Financial Advice,MRS,"Financial Advice, Regret, Behavioral Finance, Life Insurance ",https://www.dropbox.com/s/twhxukhart2engw/Jing%20Ai%20%20-%20S6_P3_paper.pdf?dl=0,https://www.dropbox.com/s/ai9is80b261us09/Jing%20Ai%20%20-%20S6_P3_slides.pdf?dl=0,438781402,438781429,Wei Zhu,University of International Business and Economics,Jing Ai,University of Hawaii at Manoa,,,,,,,,,Katja Hanewald,"CEPAR, UNSW Sydney",440669898
6,4,Cost-Sharing or Rebate: The Impact of Health Insurance Design on Reducing Inefficient Care,EGRIE,"Laboratory Experiment, Framing, Cost-Sharing, Rebates",https://www.dropbox.com/s/sru35lqrq94oyxo/Markus%20Fels%20%20-%20S6_P4_paper.pdf?dl=0,https://www.dropbox.com/s/fqwayhfnb1x4y22/Markus%20Fels%20%20-%20S6_P4_slides.pdf?dl=0,437145384,437145686,Markus Fels,University of Dortmund (TU),Nadja Kairies-Schwarz,"CINCH, University of Duisburg-Essen",Christian Waibel,ETH Zürich,,,,,,,Dennis Strümpel,LMU Munich,441338143
6,6,Determinants of the Market Choice and the Consumers Behavior on the Macedonian MTPL Insurance Market - Empirical Application of the Markov Chain Model,APRIA,"MTPL Insurance, Customer Transition, Market Share Forecast, Markov Chain Model",https://www.dropbox.com/s/iy6ggae4u0qtcow/Angela%20Blazheska%20%20-%20S6_P6_paper.pdf?dl=0,https://www.dropbox.com/s/wwjm2zxj2hnkki5/Angela%20Blazheska%20%20-%20S6_P6_slides.pptx?dl=0,438445955,438446434,Angela Blazheska,Ss. Cyril and Methodius University - Faculty of Economics - Skopje,Igor Ivanovski,Ss. Cyril and Methodius University - Faculty of Economics - Skopje,Patricia Born,Florida State University,,,,,,,Yusuke Osaki,Waseda University,441334515
6,7,Do No Harm? The Welfare Consequences of Behavioral Interventions,ARIA,"Index Insurance, Behavioral Economics, Welfare Economics, Policy Evaluation",https://www.dropbox.com/s/b1d0l9opiol7inj/Glenn%20Harrison%20-%20S6_P7_paper.pdf?dl=0,https://www.dropbox.com/s/hwr4qlfm6pedluh/Glenn%20Harrison%20-%20S6_P7_slides.pdf?dl=0,440049376,440049402,Glenn Harrison,"CEAR, Georgia State University",Karlijn Morsink,Utrecht University,Mark Schneider,Georgia State University,,,,,,,Martin Eling,University of St. Gallen,440315157
6,8,Insurance Demand in the Presence of State Dependent Background Uncertainty,APRIA,"Ambiguity Aversion, Puzzle, State Dependent Background Uncertainty, Stochastic Dominance",https://www.dropbox.com/s/swr0a81twzxbzfy/Osaki%20Yusuke%20-%20S6_P8_paper.pdf?dl=0,https://www.dropbox.com/s/zw0ncs1pj581zg9/Osaki%20Yusuke%20-%20S6_P8_slide.pptx?dl=0,438652253,438652289,Yusuke Osaki,Waseda University,Yoichiro Fujii,Meiji University,,,,,,,,,Angela Blazheska,Ss. Cyril and Methodius University - Faculty of Economics - Skopje,441336180
6,9,"Life Insurance: Decision States, Financial Literacy, and the Role of Personal Values",ARIA,"Life Insurance, Decision States, Personal Values, Financial Literacy",https://www.dropbox.com/s/fajdu6b4r3kkzqs/Hazel%20Bateman%20-%20S6_P9_paper.pdf?dl=0,https://www.dropbox.com/s/0kelja3g6p8manm/Hazel%20Bateman%20-%20S6_P9_slides.pptx?dl=0,440049426,440315071,Hazel Bateman,"CEPAR, UNSW Sydney",Susan Thorp,University of Sydney,Paul Gerrans,University of Western Australia,Yunbo Zeng,University of Sydney,,,,,Omid Ghavibazoo,University of St. Gallen,440315173
6,10,Loss Aversion Leads to Fatalistic Risk Management in an Interconnected World,APRIA,"Loss Aversion, Self-Protection, Self-Insurance, Interdependent Risk",https://www.dropbox.com/s/l7u6oe9x7jfvwe2/Kwangmin%20Jung%20%20-%20S6_P10_paper.pdf?dl=0,https://www.dropbox.com/s/tt22zuiye3jk2j3/Kwangmin%20Jung%20%20-%20S6_P10_slides.pdf?dl=0,438463935,438464013,Kwangmin Jung,Drake University,Martin Eling,University of St. Gallen,,,,,,,,,Hongjoo Jung,APRIA,440673618
6,11,Peer Effects and Envy: Measurement and Impact on Retirement Decisions,ARIA,"Peer Effects, Envy, Behavioral Insurance, Retirement, Portfolio Allocation",https://www.dropbox.com/s/kg4pmm6ra6pfhh4/Jackie%20Volkman-Wise%20%20-%20S6_P11_paper.pdf?dl=0,https://www.dropbox.com/s/1o7eh74g9cvdxdo/Jackie%20Volkman-Wise%20%20-%20S6_P11_slides.pdf?dl=0,439056206,439263945,Jacqueline Volkman-Wise,Temple University,Jeffrey Boles,Temple University,Yuan (Sabrina) Du,Temple University,,,,,,,Wei Zhu,University of International Business and Economics,441347514
6,12,The Demand for Index Insurance Under Regret Sensitivity,APRIA,"Regret Theory, Regret Aversion, Basis Risk, Index Insurance",https://www.dropbox.com/s/rwib7q8oen67jod/Yoichiro%20Fujii%20%20-%20S6_P12_paper%28FOO_Regret-sensitive%20Index%20Insurance%29.pdf?dl=0,https://www.dropbox.com/s/7hx7lpjih73koql/Yoichiro%20Fujii%20%20-%20S6_P12_slides%28FOO_Regret-sensitive%20Index%20Insurance%29.pdf?dl=0,438565481,438565518,Yoichiro Fujii,Meiji University,Mahito Okura,Doshisha Women's College of Liberal Arts,Yusuke Osaki,Waseda University,,,,,,,Hideki Iwaki,Kyoto Sangyo University,439263699
6,13,The Disposition Effect Under the Reference Dependent Smooth Model of Ambiguity,APRIA,"Disposition Effect, Prospect Theory, Knightian Uncertainty, Reference Dependent Smooth Model of Ambiguity",https://www.dropbox.com/s/ba1x0h6udqbybcq/Hideki%20Iwaki%20-%20S6_P13_paper.pdf?dl=0,https://www.dropbox.com/s/bhufhu000dfvypm/Hideki%20Iwaki%20-%20S6_P13_slides.pdf?dl=0,437147656,437147685,Hideki Iwaki,Kyoto Sangyo University,Daisuke Yoshikawa,Hokkai-Gakuen University,,,,,,,,,Yoichiro Fujii,Meiji University,440680654
6,14,The Impact of Risk Attitudes on Insurance Holdings: A European Survey,ARIA,"Risk Aversion, Risk Attitudes, Long-Term Care Insurance, Life Insurance, Share Data",https://www.dropbox.com/s/x8nxf94szehxz5n/Omid%20Ghavibazoo%20%20-%20S6_P14_paper.pdf?dl=0,https://www.dropbox.com/s/4azr8yhgmf2ovlk/Omid%20Ghavibazoo%20%20-%20S6_P14_slides.pptx?dl=0,438262282,438262287,Omid Ghavibazoo,University of St. Gallen,Martin Eling,University of St. Gallen,Katja Hanewald,"CEPAR, UNSW Sydney",,,,,,,Hazel Bateman,"CEPAR, UNSW Sydney",441339498
7,1,Trading and Liquidity in the Catastrophe Bond Market,ARIA,"Catastrophe Bonds, Liquidity, Yield Spreads, Alternative Risk Transfer",https://www.dropbox.com/s/jmd89bamwh8pt15/Markus%20Herrmann%20%20-%20S7_1_paper.pdf?dl=0,https://www.dropbox.com/s/jakz6omxaswys03/Markus%20Herrmann%20%20-%20S7_1_slides.pptx?dl=0,438565251,438565279,Markus Herrmann,University of Duisburg-Essen,Martin Hibbeln,University of Duisburg-Essen,,,,,,,,,Adam Śliwiński,Warsaw School of Economics,442904043
7,3,How Do Households Respond to Public Program Reforms? Evidence from the U.S. National Flood Insurance Program,EGRIE,"Public Programs, Public Policy Design, Insurance Choices",https://www.dropbox.com/s/4j1t6ei1p82e5ba/Tobias%20Huber%20-%20S7_P3_paper.pdf?dl=0,https://www.dropbox.com/s/as4o9obh375ltu2/Tobias%20Huber%20-%20S7_P3_slides.pdf?dl=0,438652521,438652555,Tobias Huber,"MRIC, LMU Munich",Benjamin Collier,Temple University,Johannes Jaspersen,Leibniz University of Hannover,Andreas Richter,"MRIC, LMU Munich",,,,,Julia Braun,University of St. Gallen,441341454
7,5,Is Catastrophe Risk Priced in the Stock Market?,ARIA,"Natural Disasters, Asset Pricing, Portfolio Sorting, Risk Perception",https://www.dropbox.com/s/8iqrs356q33quq9/Julia%20Braun%20-%20S7_P5_paper.pdf?dl=0,https://www.dropbox.com/s/9r8xt9jsn5h727p/Julia%20Braun%20-%20S7_P5_slides.pdf?dl=0,438471348,438471437,Julia Braun,Institute of Insurance Economics at the University of St. Gallen,Alexander Braun,Institute of Insurance Economics at the University of St. Gallen,Florian Weigert,University of Neuchâtel,,,,,,,Markus Herrmann,University of Duisburg-Essen,440720666
7,7,Credit Demand After a Crisis: Evidence from Household Applications to the U.S. Federal Disaster Loan Program,ARIA,"Credit Demand, Financial Constraints, Catastrophe Risk, Inequality, Public Policy",https://www.dropbox.com/s/ujhylduv922e3wz/Cameron%20Ellis%20-%20S07_P07_paper.pdf?dl=0,https://www.dropbox.com/s/aaxq76hvncirskg/Cameron%20Ellis%20-%20S07_P07_slides.pdf?dl=0,439263435,439056165,Cameron Ellis,Temple University,Benjamin Collier,Temple University,,,,,,,,,Sally Owen,Victoria University of Wellington,442015031
7,8,Measuring the Impact of Insurance on Recovery After Extreme Weather Events Using Nightlights,APRIA,"Extreme Weather, Public Insurance, Recovery, Night-Time Light",https://www.dropbox.com/s/e2s74lvwgvl6520/Sally%20Owen%20-%20S7_P8_paper.pdf?dl=0,https://www.dropbox.com/s/vg0qs3r2lg51d5l/Sally%20Owen%20-%20S7_P8_slides.pptx?dl=0,441345821,441346011,Sally Owen,Victoria University of Wellington,Ilan Noy,Victoria University of Wellington,David Fleming,CSIRO Australia,Jacob Pastor-Paz,Victoria University of Wellington,,,,,Cameron Ellis,Temple University,441336635
7,9,The Role of Area Contracts in the U.S. Federal Crop Insurance Program,ARIA,"Crop Insurance, Public-Private Programs, Index Contracts",https://www.dropbox.com/s/ugisqn5ihg2lq2n/Roxane%20Steinacker%20-%20S7_P9_paper.pdf?dl=0,https://www.dropbox.com/s/w55c7augmfilo0e/Roxane%20Steinacker%20-%20S7_P9_slides.pdf?dl=0,438652386,438652422,Roxane Steinacker,"MRIC, LMU Munich",Mark Browne,St. John's University,Xiao Lin,St. John's University,Andreas Richter,"MRIC, LMU Munich",,,,,Markus Herrmann,University of Duisburg-Essen,440673745
7,10,Potential for Yield Index Insurance For Russian Regions,APRIA,"Yield Index Insurance, Russian Regions, Russian Insurance Market, Agricultural Insurance",https://www.dropbox.com/s/mtdsvgb9xonsfwl/Marina%20%20-%20S7_P10_paper.docx?dl=0,https://www.dropbox.com/s/y6z8phekw80he2d/Marina%20%20-%20S7_P10_slides.pptx?dl=0,440049564,440049603,Marina Budanova,Lomonosov Moscow State University,Igor Kotlobovskiy,Lomonosov Moscow State University,Tomoka Miyachi,Takushoku University,Miho Onzo,Takachiho University,Hwanseok Choi,Hachinohe Gakuin University,,,Benjamin Collier,Temple University,439263387
7,12,Projecting the Effect of Climate Change-Induced Increases in Extreme Rainfall on Residential Property Damages: A Case Study from New Zealand,ARIA,"Insurance, Precipitation, Climate Change, Extreme Weather, Loss Projection",https://www.dropbox.com/s/z9gj3aihhwt29kn/Jacob%20Pastor-Paz%20%20-%20S7_P12_paper.pdf?dl=0,https://www.dropbox.com/s/bmx38nfawszcq7x/Jacob%20Pastor-Paz%20%20-%20S7_P12_slides.pdf?dl=0,439263990,439264046,Jacob Pastor-Paz,Victoria University of Wellington,Ilan Noy,Victoria University of Wellington,Isabelle Sin,Motu Economic and Public Policy Research,Abha Sood,National Institute of Water and Atmospheric Research,David Fleming-Munoz,CSIRO Australia,Sally Owen,Victoria University of Wellington,Ran Tao,Central University of Finance and Economics,440315203
7,13,Risk Management and Recovery of Small Businesses: Evidence from Hurricane Harvey,ARIA,"Corporate Risk Management, Natural Disasters",https://www.dropbox.com/s/dpxnlq1u232b4fo/Xuesong%20You%20-%20S7_P13_paper.pdf?dl=0,https://www.dropbox.com/s/z4z33itvew5m25j/Xuesong%20You%20-%20S7_P13_slides.pdf?dl=0,439265370,440051611,Xuesong You,Temple University,Benjamin Collier,Temple University,Marc Ragin,University of Georgia,Lars Powell,University of Alabama,,,,,Vaibhav Anand,University of Wisconsin-Madison,441346784
7,15,Seasonality in Catastrophe Bonds and Market-Implied Arrival Frequencies,ARIA,"Alternative Risk Transfer, Bond Spreads, Underwriting Risk, Seasonality",https://www.dropbox.com/s/0xyuwiuywkjce6x/Markus%20Herrmann%20%20-%20S7_15_paper.pdf?dl=0,https://www.dropbox.com/s/sm3os6tdn2b7ru2/Markus%20Herrmann%20%20-%20S7_15_slides.pptx?dl=0,438565352,438565317,Markus Herrmann,University of Duisburg-Essen,Martin Hibbeln,University of Duisburg-Essen,,,,,,,,,Alexander Braun,University of St. Gallen,440669084
7,18,System of Setting up Earthquake Security Fund through Real Estate Tax,APRIA,"Real Estate Tax, Earthquake Security Fund, Earthquake Risk, Earthquake Insurance",https://www.dropbox.com/s/y9acitwgx7h48od/Ran%20Tao%20%20-%20s7_p18_paper.docx?dl=0,https://www.dropbox.com/s/q4n7xip3f4v6jds/Ran%20Tao%20%20-%20s7_p18_slides.pptx?dl=0,437418595,437418775,Ran Tao,Central University of Finance and Economics,,,,,,,,,,,Roxane Steinacker,LMU Munich,440673962
8,1,An Empirical Analysis of the Delisting Risk Factors with the GEE Model,APRIA,"Corporate Failure, Delisting Risk Factors, Risk Management, The GEE Model",https://www.dropbox.com/s/xhmxo0ey1mx1g3v/Yong%20Duk%20Kim%20%20-%20S8_P1_paper.docx?dl=0,https://www.dropbox.com/s/vx0f7nn5c9z1x29/Yong%20Duk%20Kim%20%20-%20S8_P1_slides.pptx?dl=0,441347820,441347984,Yong Duk Kim,Soongsil University,Kun Chul Lee,Jason TG,,,,,,,,,Yiling Deng,University of Central Arkansas,441347229
8,3,"Captive Insurance, Income Stability, and Firm Performance: Evidence from S&P Europe 350 Companies ",APRIA,"Captive Insurance Companies/Subsidiaries, Income Stability, Risk Financing, Risk Retention, Alternative Risk Transfer, Risk Management",https://www.dropbox.com/s/p5vqw7qjjwfc7u3/Mu-Sheng%20Chang%20-%20S8_P3_paper_CapEuro.pdf?dl=0,https://www.dropbox.com/s/xcna6x0x6xlnuj2/Mu-Sheng%20Chang%20-%20S8_P3_slides_CapEuro350.pdf?dl=0,438781591,438781627,"Mu-Sheng ""Shane"" Chang","California State University, Northridge",Jiun-Lin Chen,Valparaiso University,Harold Weston,Georgia State University,,,,,,,Jingshu Luo,Le Moyne College,443159791
8,4,Equilibrium Risk Pools in a Regulated Market with Costly Capital,ARIA,"Risk Pooling, Diversification",https://www.dropbox.com/s/qx5u4nogkhjoii9/Stephen%20Mildenhall%20%20-%20S8_P4_paper.pdf?dl=0,https://www.dropbox.com/s/9urj8kkfgsj9erj/Stephen%20Mildenhall%20%20-%20S8_P4_slides.pdf?dl=0,438398889,438397869,Stephen Mildenhall,St. John's University,,,,,,,,,,,Greg Niehaus,University of South Carolina,440131204
8,5,From the Mouths of Insiders: Insider Trading and Abnormal Returns,ARIA,"Insider Trading, Information Asymmetry, Information Uncertainty",https://www.dropbox.com/s/1nnohan8f1g43bj/jiyeon%20yun%20%20-%20S8_P5_paper.docx?dl=0,https://www.dropbox.com/s/esqgfcvs4ngqvy2/jiyeon%20yun%20%20-%20S8_P5_slides.pdf?dl=0,438565178,438565218,Jiyeon Yun,California State University,James Carson,University of Georgia,Pei-Han Chen,University of Georgia,David Eckles,University of Georgia,Robert Hoyt,University of Georgia,,,Anne Kleffner,University of Calgary,441336348
8,7,Measuring the Sustainable Value Creation by Enterprise Risk Management for Insurance Companies: Does ESG Performance Matter?,ARIA,"Enterprise Risk Management, Financial Non-Financial (ESG) Factors, Sustainable Value",https://www.dropbox.com/s/6rp5wejc8djdc7z/Madhu%20Acharyya%20%20-%20S8_P7_paper.docx?dl=0,https://www.dropbox.com/s/4gu23plbdk7bnio/Madhu%20Acharyya%20%20-%20S8_P7_slides.pptx?dl=0,440131223,440131238,Madhu Acharyya,Glasgow Caledonian University,Oradee Akkarapattanakoon,University of Southampton,,,,,,,,,Hao Lu,University of Calgary,441342134
8,9,Ownership Structure and Dividend Policy: Evidence from Property-Liability Insurance Industry,ARIA,"Dividend Policies, Dividend Smoothing, Property Liability Insurance",https://www.dropbox.com/s/8bp373qs1y4h4hc/Yiling%20Deng%20-%20S8_P9_paper.pdf?dl=0,https://www.dropbox.com/s/u5mhge074ce8fmb/Yiling%20Deng%20-%20S8_P9_slides.pptx?dl=0,439265431,439265494,Yiling Deng,University of Central Arkansas,Michael Casey,University of Central Arkansas,,,,,,,,,Yong Duk Kim,Soongsil University,441348167
8,10,"Personal Taxes, Cost of Insurer Equity Capital, and the Case of Offshore Hedge Fund Reinsurers",ARIA,"Cost of Capital, Taxes, Reinsurance, Hedge Funds",https://www.dropbox.com/s/zq00xuikqzq1ot2/Greg%20Niehaus%20-%20S8_P10_paper.pdf?dl=0,https://www.dropbox.com/s/72s3vc4rm2e5wh2/Greg%20Niehaus%20-%20S8_P10_slides.pptx?dl=0,436783698,436794871,Greg Niehaus,University of South Carolina,,,,,,,,,,,Manu Gupta,Virginia Commonwealth University,442014927
8,11,Policyholder – Shareholder Agency Conflict: Evidence from Stock Life & Health Insurers,ARIA,"Policyholder Dividends, Stockholder Dividends, Life Insurance, Expense Allocation",https://www.dropbox.com/s/74elycztehxo8e0/puneet%20prakash%20-%20S8_P11_Paper.pdf?dl=0,https://www.dropbox.com/s/60nbov6vb2o55or/puneet%20prakash%20-%20S8_P11_slides.PPTX?dl=0,439264880,439264937,Puneet Prakash,Missouri State University Finance and General Business Department,Manu Gupta,Virginia Commonwealth University,,,,,,,,,Danjela Guxha,Institute of Insurance Economics at the University of St. Gallen,441337315
8,12,Risk Literacy – An Analysis of the Differences in Risk Perception of Graduate Business Students Before and After Taking an Enterprise Risk Management Course,APRIA,"Risk Literacy, Students’ Risk Perception, Enterprise Risk Management",https://www.dropbox.com/s/u11t7aiz31uhngr/Madhu%20Acharyya%20%20-%20S8_P12_Paper.pdf?dl=0,https://www.dropbox.com/s/cz3rbdfe4upz0l2/Madhu%20Acharyya%20%20-%20S8_P12_Slides.pptx?dl=0,440131251,440131268,Madhu Acharyya,Glasgow Caledonian University,Sifullah Khaled,Glasgow Caledonian University,,,,,,,,,Jiyeon Yun,California State University,441341090
8,13,The Impact of Enterprise Risk Management on Systematic and Idiosyncratic Risk: A Cross-Industry Investigation,ARIA,"Enterprise Risk Management, Idiosyncratic Risk, Systematic Risk",https://www.dropbox.com/s/ytbd8z2991f09ik/Leo%20Lu%20-%20S8_P13_paper.pdf?dl=0,https://www.dropbox.com/s/1ifb245dg1hd8q2/Leo%20Lu%20-%20S8_P13_slides.pptx?dl=0,438781510,438781549,Hao Lu,University of Calgary,Anne Kleffner,University of Calgary,,,,,,,,,Madhu Acharyya,Glasgow Caledonian University,442014914
9,1,An Optimal Collateral Agreements in OTC Derivatives Contract,APRIA,"OTC Derivatives Contract, Counterparty Risk, Collateralization, Social Welfare, Pareto Efficiency",https://www.dropbox.com/s/k9bar8evjgp9h9s/Kazuhiro%20Takino%20-%20S9_P1_paper.pdf?dl=0,https://www.dropbox.com/s/2mqlvl29yxfr5wd/Kazuhiro%20Takino%20-%20S9_P1_slides.pdf?dl=0,437868081,437868109,Kazuhiro Takino,NUCB Business School,,,,,,,,,,,Standley Réginald Baron,Laval University,440674088
9,2,Catastrophe Risk Management and Equilibrium Asset Prices,EGRIE,"Catastrophe Insurance, Catastrophe Bonds, Equilibrium Asset Prices, Dynamic General Equilibrium",https://www.dropbox.com/s/sr8rfls34yhen5z/Hisashi%20Nakamura%20%20-%20S9_P2_paper.pdf?dl=0,https://www.dropbox.com/s/11y45rarruapgj2/Hisashi%20Nakamura%20%20-%20S9_P2_slides.pdf?dl=0,436604037,436604031,Hisashi Nakamura,Hitotsubashi University,,,,,,,,,,,Emanuel Berge,University of St. Gallen,441338293
9,3,European Insurance Regulation and Emergence of a New Market for Perpetual Subordinated Debt,ARIA,"Regulatory Capital, Solvency II, Bail-In, Perpetual Debt, Liquidity, Regulatory Asset Pricing",https://www.dropbox.com/s/wqfl2hv63q5y6qx/Arina%20Brutyan%20%20-%20S9_P3_paper.pdf?dl=0,https://www.dropbox.com/s/dtpy84iptl9obqo/Arina%20Brutyan%20%20-%20S9_P3_slides.pdf?dl=0,438164143,438164135,Arina Brutyan,University of St. Gallen,Jan-Christian Fey,University of St. Gallen,Hato Schmeiser,University of St. Gallen,,,,,,,Mohamed-Ali Akari,HEC Montréal,440049652
9,4,Interaction of Insurance Markets and Credit Markets,APRIA,"Financial Conglomerates, Insurance, Bank, Catastrophic Event, Bank Loans",https://www.dropbox.com/s/4ft084zax9a5oge/Cici%20Chiang%20-%20S9_P4_paper.pdf?dl=0,https://www.dropbox.com/s/nr5leni6zxndvr9/Cici%20Chiang%20-%20S9_P4_slides.pdf?dl=0,439056177,439056188,Chia-Chun Chiang,University of Texas at El Paso,,,,,,,,,,,Jie Ying,Southern Illinois University Edwardsville,440669755
9,6,Investor Attention and Volatility Forecast,MRS,"Investor Attention, Volatility Forecasting, HAR Models, Logistic Smooth Transition, High-Frequency Data",https://www.dropbox.com/s/5118831ghsvtexb/Tianyang%20Wang%20-%20S9_P6_paper.pdf?dl=0,https://www.dropbox.com/s/czub60s1bvwxuv7/Tianyang%20Wang%20-%20S9_P6_Slides.pdf?dl=0,440050176,440050145,Tianyang Wang,Colorado State University,Hui Qu,Nanjing University,Wei Shen,Nanjing University,,,,,,,Yayuan Ren,Illinois State University,441346921
9,7,Measuring Carbon Risk in Asset Prices,ARIA,"Asset Pricing, Carbon Risk, GHG Emissions, Trading Scheme, Stock Returns",https://www.dropbox.com/s/16lfvmtttq7v9fj/Emanuel%20Berge%20%20-%20S9_P7_paper.pdf?dl=0,https://www.dropbox.com/s/240z3lr9czapdx2/Emanuel%20Berge%20%20-%20S9_P7_slides.pdf?dl=0,438781218,438781255,Emanuel Berge,University of St. Gallen,Alexander Braun,University of St. Gallen,Hato Schmeiser,University of St. Gallen,Sebastian Utz,University of St. Gallen,,,,,Hisashi Nakamura,Hitotsubashi University,440049449
9,8,Should Corporate Pensions Invest in Risky Assets? A Risk-Sharing Perspective,ARIA,"Defined-Benefit Corporate Pensions, Asset Allocation, External Financing Cost, Systematic Risk Sharing",https://www.dropbox.com/s/xr8fz7yrml7dpif/Jie%20Ying%20-%20S9_P8_paper.pdf?dl=0,https://www.dropbox.com/s/teuc7gg0zh1hjm4/Jie%20Ying%20-%20S9_P8_slides.pdf?dl=0,438403504,438403950,Jie Ying,Southern Illinois University Edwardsville,Wei Li,University of Iowa,Tong Yao,University of Iowa,,,,,,,Chia-Chun Chiang,University of Texas at El Paso,442082628
9,9,Term Structure of CDS Spreads & Risk-Based Capital of the Protection Seller: An Extension of the Dynamic Nelson-Siegel Model with the Business Cycle,ARIA,"CDS Spreads, Term Structure, Dynamic Nelson-Siegel, Business Cycle, Capital-At-Risk, Risk-Based Capital",https://www.dropbox.com/s/p4qh6ycbc6boa4b/Standley%20R.%20Baron%20%20-%20S9_P9_paper.pdf?dl=0,https://www.dropbox.com/s/olhbq35hfe5epko/Standley%20R.%20Baron%20%20-%20S9_P9_slides.pdf?dl=0,437872063,437872278,Standley Réginald Baron,Laval University,Issouf Soumaré,Laval University,,,,,,,,,Kazuhiro Takino,NUCB Business School,439264466
9,10,The Impact of Central Clearing on the Market for Single-Name Credit Default Swaps,EGRIE,"CDS, Central Clearing, Counterparty Risk",https://www.dropbox.com/s/lzqojebz3p04uvp/Mohamed%20Ali%20Akari%20-%20S9_P10_paper.pdf?dl=0,https://www.dropbox.com/s/cntelfbbl0zc42v/Mohamed%20Ali%20Akari%20-%20S9_P10_slides.pdf?dl=0,438213194,438213271,Mohamed-Ali Akari,HEC Montréal,Ramzi Ben-Abdallah,UQAM School of Management,Michèle Breton,HEC Montréal,Georges Dionne,HEC Montréal,,,,,Nicolaus Grochola,Goethe University Frankfurt,440673780
9,11,The Influence of Market Risks on the Stock Return of Life Insurance Companies,ARIA,"Life Insurance, Interest Rate Risk, Credit Risk, Stock Performance",https://www.dropbox.com/s/0m19fugx11o53re/Nico%20Grochola%20-%20S9_P11_paper.pdf?dl=0,https://www.dropbox.com/s/hzeaskxfnqtnurc/Nico%20Grochola%20-%20S9_P11_slides.pdf?dl=0,438652170,438652211,Nicolaus Grochola,Goethe University Frankfurt,Sebastian Schlütter,Mainz University of Applied Sciences,Helmut Gründl,Goethe University Frankfurt,Mark Browne,St. John's University,,,,,Arina Brutyan,University of St. Gallen,440314925
9,12,The Information Content of the Implied Volatility Surface: Can Option Prices Predict Jumps?,MRS,"Options, Implied Volatility, Jumps, Machine Learning, PLS, Predictability",https://www.dropbox.com/s/o2v2pouztkmlcl7/Yufeng%20Han%20-%20S9_P12_paper.pdf?dl=0,https://www.dropbox.com/s/a1b0fm8ysum1j2j/Yufeng%20Han%20-%20S9_P12_slides.pdf?dl=0,438782706,438782735,Yufeng Han,University of North Carolina at Charlotte,Fang Liu,Cornell University,Xiaoxiao Tang,University of Texas at Dallas,,,,,,,Hui Guo,University of Cincinnati,442362046
9,13,Too-Big-to-Fail: The Value of Government Guarantee,ARIA,"Too-Big-To-Fail, Implicit Guarantee, Contingent Claim, Funding Cost, Chinese SOEs",https://www.dropbox.com/s/ecot3krhgem0lye/Yifei%20Li%20%20-%20S9_P13_paper.pdf?dl=0,https://www.dropbox.com/s/erkpyrlbro1ei8x/Yifei%20Li%20%20-%20S9_P13_slides.pdf?dl=0,440315282,440051633,Yifei Li,University of Nevada Reno,Natalia Beliaeva,Suffolk University,Georges Tsafack,University of Rhode Island,,,,,,,Leon Chen,Minnesota State University Mankato,441342288
9,14,What Drives Stock Returns of Insurance Companies,ARIA,"Stock Returns, Insurance Companies, Asset Pricing, Return Decomposition, Stock News",https://www.dropbox.com/s/r2c2p355enjduho/Leon%20Chen%20%20-%20S9_P14_paper.pdf?dl=0,https://www.dropbox.com/s/ak35vn2yix65vgo/Leon%20Chen%20%20-%20S9_P14_slides.pdf?dl=0,439264621,440049537,Leon Chen,Minnesota State University Mankato,,,,,,,,,,,Yifei Li,University of Nevada Reno,441347081
10,1,An Examination of the Impact of Health Insurance Enrollment in Reducing Racial Health Disparities,APRIA,"Health Disparity, Healthcare Disparity, Health Insurance Enrollment, Racial Discrimination",https://www.dropbox.com/s/2pv4uycu2384tdo/In%20Song%20%20-%20S10_P1_paper.pdf?dl=0,https://www.dropbox.com/s/1lmefv56g73ds7w/In%20Song%20%20-%20S10_P1_slides.pptx?dl=0,438565067,438565115,In Song,Hankuk University of Foreign Studies,"Inhyuck ""Steve"" Ha",Western Carolina University,Won Fy Lee,University of Minnesota,Minjung Choi,National Health Insurance Service,,,,,Chia-Ling Ho,Tamkang University,440680683
10,2,Analysis of the Effect of Tax Incentives for Commercial Health Insurance — Based on the Measurement of Demand Price Elasticity,APRIA,"Commercial Health Insurance, Ad Valorem Subsidy Rate, The Price Elasticity of Demand For Health Insurance, The Incentive Effect of Tax Policy",https://www.dropbox.com/s/3j6motwauzh4hw0/S10_P2_paper.docx?dl=0,https://www.dropbox.com/s/zgxvo6onhhua6b0/S10_P2_slides.pptx?dl=0,439063628,439063640,Minglai Zhu,School of Finance,Heyang Sun,School of Finance,Yang Tong,Financial Supervision and Administration Bureau,,,,,,,Lan Zou,University of St. Gallen,440670033
10,4,Fee-For-Service Health Insurance and Moral Hazard of Hospitals,APRIA,"Health Insurance, Moral Hazard, Supplier Side, Fee-For-Service",https://www.dropbox.com/s/uc3yd3snevh3hab/Sojung%20Park%20-%20S10_P4_paper.pdf?dl=0,https://www.dropbox.com/s/5nhw2gmj6uwciio/Sojung%20Park%20-%20S10_P4_20_slides.pptx?dl=0,440050035,440050091,Sojung Park,Seoul National University,Chan Wook Jung,DB Life Insurance,,,,,,,,,In Song,Hankuk University of Foreign Studies,440049478
10,5,Financial Incentives and Physician Treatment Decisions: Evidence from Lower Back Pain,ARIA,"Health Insurance, Capitation, Physician Behavior, Lower Back Pain",https://www.dropbox.com/s/ad5eq111qf3woyh/Chenyuan%20Liu%20-%20S10_P5_paper.pdf?dl=0,https://www.dropbox.com/s/gj0k3uvg9yiswl3/Chenyuan%20Liu%20-%20S10_P5_slides.pdf?dl=0,439263497,440049029,Chenyuan Liu,University of Wisconsin-Madison,Yu Ding,University of Wisconsin-Madison,,,,,,,,,Nicolas Ziebarth,Cornell University,441344232
10,7,Health Insurer Expenses and the Minimum Medical Loss Ratio Requirement,ARIA,"Health Insurance, Affordable Care Act, Health Care Expenses",https://www.dropbox.com/s/2decsvphcv2ifm0/Petra%20Steinorth%20-%20S10_P7_paper.pdf?dl=0,https://www.dropbox.com/s/0xn67fj7evpw6b0/Tice%20Sirmans%20%20-%20S10_P7_slides.pptx?dl=0,437898712,437898703,Patricia Born,Florida State University,E. Tice Sirmans,Illinois State University,Petra Steinorth,University of Hamburg,,,,,,,Yu Lei,University of Hartford,440051674
10,8,Health Insurers’ Underwriting Performance Under the ACA: An Analysis of Supplemental Health Care Exhibit,ARIA,"Analysis Of Health Care Markets, Public Health Insurance, Private Health Insurance, Insurance, Insurance Companies, Actuarial Studies",https://www.dropbox.com/s/9w4t1xz3w6efep7/Yu%20Lei%20%20-%20S10-P8-Paper.pdf?dl=0,https://www.dropbox.com/s/38hbnnpwiy9fmo4/Yu%20Lei%20%20-%20S10-P8-Slides.pdf?dl=0,437329465,437329593,Yu Lei,University of Hartford,Mark Browne,St. John's University,,,,,,,,,Kyeonghee Kim,Florida State University,441341768
10,9,How Do Couples Choose Individual Insurance Plans? Evidence from Medicare Part D,ARIA,"Married Couples, Individual Insurance, Nudges, Adverse Selection",https://www.dropbox.com/s/zr51p90hzdtmvxj/Tomas%20Sanguinetti%20%20-%20S10_P9_paper.pdf?dl=0,https://www.dropbox.com/s/cqg5c02syt76ydt/Tomas%20Sanguinetti%20%20-%20S10_P9_slides.pdf?dl=0,438040062,438040393,Tomas Sanguinetti,Arizona State University,,,,,,,,,,,Nikolaos Prodromidis,University of Duisburg-Essen,442362076
10,10,Imputed Willingness to Pay for Long-Term Care Insurance in China,ARIA,"Long-Term Care Insurance, China, Willingness to Pay",https://www.dropbox.com/s/s859yi3a9eup3zy/Zining%20Liu%20%20-%20S10_P10_paper.pdf?dl=0,https://www.dropbox.com/s/bfqz623m77iv22i/Zining%20Liu%20%20-%20S10_P10_slides.pdf?dl=0,438652673,438652719,Zining Liu,Peking University,Wei Zheng,Peking University,Yi Yao,Peking University,Youji Lv,Peking University,,,,,Jingshu Luo,Le Moyne College,441342450
10,11,Long-Term Health Insurance: Theory Meets Evidence,ARIA,"Long-Term Health Insurance, Individual Private Health Insurance, Health Care Reform",https://www.dropbox.com/s/yrvykughwho9wp8/Juan%20Pablo%20Atal%20-%20S10_P11_paper.pdf?dl=0,https://www.dropbox.com/s/upcedum6uit07hv/Juan%20Pablo%20Atal%20-%20S10_P11_slides.pdf?dl=0,438257278,438260251,Nicolas Ziebarth,Cornell University,Martin Karlsson,"CINCH, University of Duisburg-Essen",Juan Pablo Atal,UPenn,Hanming Fang,UPenn,,,,,Justin Sydnor,University of Wisconsin-Madison,441334380
10,12,"Mandated Sick Pay: Coverage, Utilization, and Welfare Effects",ARIA,"Sick Pay Mandates, Medical Leave, Fringe Benefits, Moral Hazard, Unintended Consequences, National Compensation Survey (NCS), Welfare Effects, Optimal Social Insurance, Baily-Chetty",https://www.dropbox.com/s/x57lyj4ffpejzo6/Nicolas%20Ziebarth%20-%20S10_P12_20_minute_paper.pdf?dl=0,https://www.dropbox.com/s/bgkquq5qp06p49u/Nicolas%20Ziebarth%20-%20S10_P12_20_minute_slides.pdf?dl=0,440049685,440049716,Nicolas Ziebarth,Cornell University,Catherine Maclean,"Temple University, NBER",Stefan Pichler,"ETH Zürich, KOF",,,,,,,Tomas Sanguinetti,Arizona State University,441335081
10,13,How Has the COVID-19 Pandemic Impacted Private U.S. Health Insurers?,ARIA,"Health Insurance, COVID-19, Shelter-In-Place Orders, Claims",https://www.dropbox.com/s/axb3mzbvcjal6os/Kyeonghee%20Kim%20-%20S10_P13_paper.pdf?dl=0,https://www.dropbox.com/s/ukq3colykwrufw5/Patty%20Born%20%20-%20S10_P13_Slides.pptx?dl=0,438781730,438781745,Kyeonghee Kim,Florida State University,Evan Eastman,Florida State University,Patricia Born,Florida State University,,,,,,,Chenyuan Liu,University of Wisconsin-Madison,440673599
10,14,Moral Hazard in a Social Health Insurance System: Demand and Supply Reactions to a Natural Experiment in Germany,EGRIE,"Health Insurance, Moral Hazard, Supply Effects",https://www.dropbox.com/s/3vqoljy8971ju6c/Roxane%20Steinacker%20-%20S10_P14_paper.pdf?dl=0,https://www.dropbox.com/s/yf19sqqkd9szp85/Roxane%20Steinacker%20-%20S10_P14_slides.pdf?dl=0,438298437,438298500,Roxane Steinacker,"MRIC, LMU Munich",Johannes Jaspersen,Leibniz University of Hannover,Andreas Richter,"MRIC, LMU Munich",Casey Rothschild,Wellesley College,,,,,Patricia Born,Florida State University,441344396
10,15,Risk Evaluation Factor of Health Promotion Medical Insurance: An Analysis Focusing on Cost of Telematics and Policyholder's Coverage Selection,APRIA,"Health Promotion Medical Insurance, Telematics, Expense Loadings, Separating Market Equilibrium Model of Insurance",https://www.dropbox.com/s/3wgkn475gkt3crx/Yoshihiko%20Suzawa%20%28Session%2010%20Paper%2015%29%20%20-%20S10_P15_paper.pdf?dl=0,https://www.dropbox.com/s/vq5ttguftihpf6h/Yoshihiko%20Suzawa%20%28Session%2010%20Paper%2015%29%20%20-%20S10_P15_slides.pdf?dl=0,435598063,435598150,Yoshihiko Suzawa,Kyoto Sangyo University,,,,,,,,,,,Sojung Park,Seoul National University,440049986
10,16,The Crowd-Out Effect of Public Health Insurance on Private Health Insurance: Evidence from China,APRIA,"Public Health Insurance, Private Health Insurance, Crowd-Out Effect, Bivariate Probit Model",https://www.dropbox.com/s/2ac5mx34ngxisbd/FANG%20YU%20-%20S10_P16_paper.pdf?dl=0,https://www.dropbox.com/s/qsb42abudfnnrd5/FANG%20YU%20-%20S10_P16_slides.pdf?dl=0,437904575,437904882,Hua Chen,Central University of Finance and Economics,Xia Du,Peking University,Yu Fang,Temple University,,,,,,,Daniel Kaliski,Birkbeck,440669407
10,17,The Effect of Medical Expenses Risk on Savings and Debt Among Older Adults: A Nonparametric Bounds Analysis,EGRIE,"Investor Attention, Volatility Forecasting, HAR Models, Logistic Smooth Transition, High-Frequency Data",https://www.dropbox.com/s/c5y0nn8hnvcfvys/Daniel%20Kaliski%20-%20S10_P17_paper.pdf?dl=0,https://www.dropbox.com/s/yc19c5sha7jid6f/Daniel%20Kaliski%20-%20S10_P17_slides.pdf?dl=0,436822243,436842570,Daniel Kaliski,Birkbeck,,,,,,,,,,,Zining Liu,Peking University,442362088
10,18,"USA Medicare Advantage Programs: Efficiency, Medical Loss Ratio and Health Outcomes",ARIA,"Data Envelopment Analysis, Medicare Advantage, Health Outcome Efficiency, Medical Utilization Efficiency, Medical Loss Ratio",https://www.dropbox.com/s/cru88aabvxedu2m/Patrick%20Brockett%20-%20S10_P18_Paper.docx?dl=0,https://www.dropbox.com/s/ih4h58d381bhe38/Patrick%20Brockett%20-%20S10_P18_Slides.pptx?dl=0,438781666,438781692,Patrick Brockett,University of Texas at Austin,Linda Golden,University of Texas at Austin,Charles Yang,Florida Atlantic University,Pengyu Wei,University of Waterloo,,,,,E. Tice Sirmans,Illinois State University,440674205
10,19,The Long-Term Effects of Hospital Deliveries in Sweden,EGRIE,"Early Life, Income, Institutional Delivery, Diffusion of Innovations",https://www.dropbox.com/s/2d9itn7bz7evgty/Nikolaos%20Prodromidis%20-%20S10_P19_paper.pdf?dl=0,https://www.dropbox.com/s/jcp7cc3rmhej8qr/Nikolaos%20Prodromidis%20-%20S10_P19_slides.pdf?dl=0,440049764,440049798,Nikolaos Prodromidis,"CINCH, University of Duisburg-Essen",Martin Karlsson,"CINCH, University of Duisburg-Essen",Martin Fischer,Karolinska Institute,,,,,,,Roxane Steinacker,LMU Munich,440673986
10,20,The Role of Prevalent Decision Models in Explaining Deductible Choice Patterns,APRIA,"Health Insurance, Normative and Descriptive Decision Models",https://www.dropbox.com/s/t93gi5msu3drjbl/Lan%20Zou%20%20-%20S10_P20_paper.pdf?dl=0,https://www.dropbox.com/s/4cb0nl0ze6lrykt/Lan%20Zou%20%20-%20S10_P20_slides.pdf?dl=0,438652012,438652051,Lan Zou,University of St. Gallen,Christian Biener,University of St. Gallen,,,,,,,,,Yoshihiko Suzawa,Kyoto Sangyo University,440051655
10,21,"Underwriting, Investigating and Denied Claim in the Private Health Insurance",APRIA,"Denied Claim, Exclusion, Underwriting, Investigating, Substandard, Type Of Illness, Distribution System, Agent Quality",https://www.dropbox.com/s/u8bt5odm4ngoo8q/%E4%BD%B3%E7%8E%B2%20%20-%20S10_P21_paper_.pdf?dl=0,https://www.dropbox.com/s/67ojvlatgi2rvdw/%E4%BD%B3%E7%8E%B2%20%20-%20S10_P21_PPT_20200715.pdf?dl=0,438460108,438460097,Chia-Ling Ho,Tamkang University,,,,,,,,,,,Minglai Zhu,School of Finance,442742979
11,1,Are CEOs Rewarded for Luck or Skill? Evidence from U.S. Property-Liability Insurance Firms,APRIA,"Managerial Compensation, Pay For Luck, Pay For Skill, Property-Liability Insurers",https://www.dropbox.com/s/ghkgubntgsyn6mj/Sangyong%20Han%20%20-%20S11_P1_Paper.pdf?dl=0,https://www.dropbox.com/s/i65mj2gs7z30pts/Sangyong%20Han%20%20-%20S11_P1_Slides.pptx?dl=0,436693823,437709549,Jeungbo Shim,University of Colorado Denver,Sangyong Han,Korea Insurance Research Institute,Gyu Dong Kim,Korea Insurance Research Institute,,,,,,,Frank Feng,Shanghai University of Finance and Economics,440669573
11,2,Are Financially Constrained Firms More Sensitive to Shocks?,ARIA,"Insurance, Risk Management, Productivity, Financial Constraints",https://www.dropbox.com/s/05kov3mpn4g02wm/Oliver%20Engist%20%20-%20S11_P2_paper.pdf?dl=0,https://www.dropbox.com/s/qni4pf1u7vdkzaw/Oliver%20Engist%20%20-%20S11_P2_slides.pdf?dl=0,434692553,434692590,Oliver Engist,Stockholm School of Economics,Emil Bustos,Stockholm School of Economics,Christian Thomann,Royal Institute of Technology,Gustav Martinsson,Royal Institute of Technology,,,,,Thomas King,Federal Reserve Bank of Chicago,441346596
11,3,Capital Constraints and Risk Shifting: An Instrumental Approach,ARIA,"Risk Shifting, Asset Substitution, P&C Companies, Capital Constraints",https://www.dropbox.com/s/s6ebxsby2amlwkd/Thomas%20King%20%20-%20S11_P3_paper.pdf?dl=0,https://www.dropbox.com/s/9x2kioleil40mf0/Thomas%20King%20%20-%20S11_P3_slides.pdf?dl=0,440131304,440131328,Thomas King,Federal Reserve Bank of Chicago,Alejandro Drexler,Federal Reserve Bank of Chicago,,,,,,,,,Oliver Engist,Stockholm School of Economics,440673830
11,4,Capital Structure Deviations and Risk Management,APRIA,"Risk Management, Capital Structure Adjustments, Leverage",https://www.dropbox.com/s/sndn4ujr0th7x4d/%E7%80%9F%E7%80%9F%20%E6%9D%8E%20-%20S11_P4_paper.pdf?dl=0,https://www.dropbox.com/s/7snguompwzdj7x2/%E7%80%9F%E7%80%9F%20%E6%9D%8E%20-%20S11_P4_slides.pdf?dl=0,439319641,440051706,Xiaoyi Li,National Chengchi University,Yung-Ming Shiu,National Chengchi University,,,,,,,,,Jeungbo Shim,University of Colorado Denver,440669684
11,5,CEO Disaster Experience and Corporate Risk Hedging: Evidence from U.S. Property-Liability Insurance Industry,ARIA,"CEO, Disaster Experience, Risk Hedging, Insurance Company Operations",https://www.dropbox.com/s/pyezilfkmtlvfrx/Frank%20Y.%20Feng%20%20-%20S11_P5_Paper.pdf?dl=0,https://www.dropbox.com/s/29jo92uag0cw0v8/Frank%20Y.%20Feng%20%20-%20S11_P5_Slides.pdf?dl=0,438651697,438651733,Shuyan Liu,Shanghai University of Finance and Economics,Frank Feng,Shanghai University of Finance and Economics,,,,,,,,,Anastasia Ivantsova,University of Calgary,441335699
11,6,Do Insurers Use Internal Capital Markets to Manage Regulatory Scrutiny Risk?,ARIA,"Internal Capital Markets, Property-Casualty Insurance, Regulation, Regulatory Scrutiny Risk",https://www.dropbox.com/s/kzk82t1cf84bx0i/Stephen%20Fier%20-%20S11_P6_paper.pdf?dl=0,https://www.dropbox.com/s/96vog0t730it4hq/Stephen%20Fier%20-%20S11_P6_slides.pptx?dl=0,438782131,438782164,Stephen Fier,University of Mississippi,Andre Liebenberg,University of Mississippi,,,,,,,,,Qianlong Liu,Georgia State University,441345255
11,7,Adverse Impacts of Regulatory Reforms and Policy Remedies: Theory and Evidence,ARIA,"Risk-Taking, Capital Requirements, Solvency Regulation, Portfolio Choice",https://www.dropbox.com/s/2ma7srui13po27t/patrickwuzn%20patrickwuzn%20-%20S11_P7_paper.pdf?dl=0,https://www.dropbox.com/s/wy330wbwq80dwin/patrickwuzn%20patrickwuzn%20-%20S11_P7_slides.pdf?dl=0,437000233,437001452,Zenan Wu,Peking University,Ruo Jia,Peking University,Yulong Zhao,Department of Solvency Regulation,,,,,,,Ching-Yuan Hsiao,Tamkang University,437390930
11,8,Hedge Interest Rate Risk: Evidence from U.S. Life Insurance Industry,ARIA,"Duration Matching, Interest Rate Risk, Hedging, Life Insurance Companies, Financial Constraints, Organizational Form",https://www.dropbox.com/s/bwg0im8yog0rr0k/Qianlong%20Liu%20-%20S11_P8_paper.pdf?dl=0,https://www.dropbox.com/s/vl6tewiws7ngem6/Qianlong%20Liu%20-%20S11_P8_slides.pdf?dl=0,438692984,438693010,Qianlong Liu,Georgia State University,,,,,,,,,,,Shuyan Liu,Shanghai University of Finance and Economics,441334956
11,9,Internal Resources Allocations and External Financing Activities: Evidence from Intra-Group Reinsurance in the US Non-Life Insurance Industry,ARIA,"Intra-Group Reinsurance, Internal Capital Markets, Resources Allocation, External Financing Activities",https://www.dropbox.com/s/jss8cs9rhdz0nhy/Ching-Yuan%20Hsiao%20%20-%20S11_P9_paper.pdf?dl=0,https://www.dropbox.com/s/mndvj715pxml5p1/Ching-Yuan%20Hsiao%20%20-%20S11_P9_slides.pptx?dl=0,437048370,437048849,Ching-Yuan Hsiao,Tamkang University,,,,,,,,,,,Randy Dumm,Temple University,442015008
11,12,Market Discipline and Internal Capital Transfers: How Do Financial Groups Reallocate Capital When Their Financial Health Deteriorates?,ARIA,"Internal Capital Markets, Market Discipline, Financial Intermediaries, Insurance",https://www.dropbox.com/s/hm958y72fy6oc0g/Anastasia%20Ivantsova%20-%20S11_P12_paper.pdf?dl=0,https://www.dropbox.com/s/hks2bw1463mqq62/Anastasia%20Ivantsova%20-%20S11_P12_slides.pdf?dl=0,438781006,438781049,Anastasia Ivantsova,University of Calgary,David Eckles,University of Georgia,Martin Halek,University of Calgary,Tyler Leverty,University of Wisconsin - Madison,,,,,Stephen Fier,University of Mississippi,440674118
11,13,Reinsurance Structure and Loss Ratio: Evidence from the Property-Liability Insurance Market in Taiwan,APRIA,"Reinsurance Structure, Proportional Reinsurance, Loss Ratio",https://www.dropbox.com/s/407mxh08mwzpxd9/Juei-Hsiang%20Chen%20%20-%20S11_P13_paper.pdf?dl=0,https://www.dropbox.com/s/guq65hbo7ml7m6u/Juei-Hsiang%20Chen%20%20-%20S11_P13_slides.pptx?dl=0,438099771,438100023,Juei-Hsiang Chen,National Chengchi University,Shih-Chieh Jeff Liao,National Chengchi University,Shih-Chieh Bill Chang,National Chengchi University,Yung-Ming Shiu,National Chengchi University,,,,,Tianyi Gao,Central University of Finance and Economics,440315301
11,14,"Reinsurance, Capital Structure Deviation, and Macroeconomic Conditions",APRIA,"Reinsurance, Capital Structure, Macroeconomic Condition",https://www.dropbox.com/s/j9b40qp1vs5tl1j/%E7%80%9F%E7%80%9F%20%E6%9D%8E%20-%20S11_P14_paper.pdf?dl=0,https://www.dropbox.com/s/wm9mey8kgeuthdo/%E7%80%9F%E7%80%9F%20%E6%9D%8E%20-%20S11_P14_slides.pdf?dl=0,440051718,440051727,Xiaoyi Li,National Chengchi University,Yung-Ming Shiu,National Chengchi University,,,,,,,,,Kyeonghee Kim,Florida State University,441341956
11,15,The Nonlinear Effect of Business and Geographic Concentration on the Demand for Reinsurance,ARIA,"Concentration, Reinsurance Demand, Inverse U-Shape",https://www.dropbox.com/s/qeoxzr34ip8l9xg/%E5%A4%A9%E4%B8%80%20%E9%AB%98%20-%20S11_P15_paper.pdf?dl=0,https://www.dropbox.com/s/bj97dlsk01nvlhy/%E5%A4%A9%E4%B8%80%20%E9%AB%98%20-%20S11_P15_slides.pdf?dl=0,438165297,438167239,Tianyi Gao,Central University of Finance and Economics,Yugang Ding,Peking University,,,,,,,,,Andre Liebenberg,University of Mississippi,441340012
12,1,"A Generalization of Friedman's Permanent Income Hypothesis with a Large, Negative Income Shock",ARIA,"Income Shock, Incomplete Market, Consumption Smoothing, Precautionary Savings, General Equilibrium",https://www.dropbox.com/s/wzam4lsr34cjp49/Seyoung%20Park%20-%20S12_P1_paper.pdf?dl=0,https://www.dropbox.com/s/0zg83epnbf2borz/Seyoung%20Park%20-%20S12_P1_slides.pptx?dl=0,436700181,436292588,Seyoung Park,University of Nottingham,Steven Kou,Boston University,,,,,,,,,Hato Schmeiser,University of St. Gallen,439263651
12,3,Bilateral Risk Sharing with Heterogeneous Beliefs and Exposure Constraints,EGRIE,"Risk Sharing, Pareto Optimality, Heterogeneous Beliefs, Probability Distortion, Rank-Dependent Expected Utility, Exposure Constraints",https://www.dropbox.com/s/qqqcw8j40gsevj1/Mario%20Ghossoub%20-%20S12_P3_20_paper.pdf?dl=0,https://www.dropbox.com/s/wdqsn8uart7koy5/Mario%20Ghossoub%20-%20S12_P3_20_slides.pdf?dl=0,436583019,436583246,Mario Ghossoub,University of Waterloo,Tim Boonen,University of Amsterdam,,,,,,,,,Yusuke Osaki,Waseda University,441334682
12,4,Catastrophic Risk Insurance and Solvency Regulation,EGRIE,"Insurance, Catastrophic Risk, Default Risk, Solvency Regulation",https://www.dropbox.com/s/ltyv9etgcmor5x4/Arnaud%20Goussebaile%20%20-%20S12_P4_paper.pdf?dl=0,https://www.dropbox.com/s/qewf5ke8sixsadv/Arnaud%20Goussebaile%20%20-%20S12_P4_slides.pdf?dl=0,437225041,437225080,Arnaud Goussebaïle,ETH Zürich,Alexis Louaas,Ecole Polytechnique,,,,,,,,,Sebastian Hinck,University of Hamburg,439265197
12,5,Insurance and Moral Hazard When Insurable Asset and Income are Separable,APRIA,"Moral Hazard, Two-Argument Utility Function, Income, Insurable Asset",https://www.dropbox.com/s/f3lvxhv2opadol5/Kyungsun%20Kim%20%20-%20S12_P5_paper.pdf?dl=0,https://www.dropbox.com/s/429f2sb4q59emey/Kyungsun%20Kim%20%20-%20S12_P5_slides.pdf?dl=0,438781449,438781479,Kyungsun Kim,Seoul National University,S. Hun Seog,Seoul National University,,,,,,,,,Mahito Okura,Doshisha Women's College of Liberal Arts,440051754
12,6,Insurance Demand in the Presence of Loss-Dependent Background Risk,EGRIE,"Loss-Dependent Background Risk, Insurance Demand, Background Risk, Prudence, Risk Vulnerability",https://www.dropbox.com/s/h745i8kchhxi4g6/Sebastian%20Hinck%20-%20S12_P6_paper.pdf?dl=0,https://www.dropbox.com/s/u1mzhp9xi7cdr87/Sebastian%20Hinck%20-%20S12_P6_slides.pdf?dl=0,437072897,437073140,Sebastian Hinck,University of Hamburg,Petra Steinorth,University of Hamburg,,,,,,,,,Markus Huggenberger,University of Mannheim,441343116
12,7,Insurance in the Age of Wisdom and Foolishness: A Tale of Healthy City,ARIA,"Industrial Organization, Salop’s Circular City, Supply and Demand of Long-Term Care Services, Long-Term Care Insurance",https://www.dropbox.com/s/5hd8ak98w2foi0y/Richard%20Peter%20-%20S12_P7_paper.pdf?dl=0,https://www.dropbox.com/s/k5hprhsvri6qnis/Richard%20Peter%20-%20S12_P7_slides.pptx?dl=0,438693626,438693660,Richard Peter,University of Iowa,Martin Boyer,HEC Montréal,,,,,,,,,Seyoung Park,University of Nottingham,437688107
12,8,Is Insurance Market Entry by Platformers Desirable?,APRIA,"Platformer, Asymmetric Information, Regulation",https://www.dropbox.com/s/ziut53wxwk9wzws/Mahito%20Okura%20%20-%20S12_P8_paper.pdf?dl=0,https://www.dropbox.com/s/xozc6uuz5gzwsbx/Mahito%20Okura%20%20-%20S12_P8_slides.pdf?dl=0,438089633,438089709,Mahito Okura,Doshisha Women's College of Liberal Arts,Takuya Yoshizawa,Kyoto Sangyo University,Motohiro Sakaki,Kobe University,,,,,,,Kyungsun Kim,Seoul National University,440670013
12,9,Risk Pooling and Solvency Regulation: A Policyholder’s Perspective,EGRIE,"Risk Pooling, Solvency Regulation, Value-At-Risk",https://www.dropbox.com/s/qyhjlpokzcbgnju/Markus%20Huggenberger%20-%20S12_P9_paper.pdf?dl=0,https://www.dropbox.com/s/95x67zgqwbvzlrp/Markus%20Huggenberger%20-%20S12_P9_slides.pdf?dl=0,438692894,438692915,Markus Huggenberger,University of Mannheim,Peter Albrecht,University of Mannheim,,,,,,,,,Richard Watt,University of Canterbury,440673929
12,10,"Lifetime Consumption and Investment with Housing, Deferred Annuities and Home Equity Release",ARIA,"Stochastic Programming, Retirement Planning, Home Equity Release, Deferred Annuities",https://www.dropbox.com/s/fuy71cal6c459oh/Chul%20Jang%20-%20S12_P10_paper.pdf?dl=0,https://www.dropbox.com/s/pm85nvquifernxi/Chul%20Jang%20-%20S12_P10_slides.pdf?dl=0,438444778,438444715,Chul Jang,Korea Insurance Research Institute,Iqbal Owadally,Cass Business School,Andrew Clare,Cass Business School,Muhammad Kashif,University of Brescia,,,,,Wei Zhu,University of International Business and Economics,441347672
12,11,Limited Information and Its Impact on Policyholder's Optimal Choice on Deductibles,APRIA,"Optimal Deductible Choice, Limited Information, Policyholder Heuristics",https://www.dropbox.com/s/s55pfhh5lbg7xai/Jan-Christian%20Fey%20%20-%20S12_P11_paper.pdf?dl=0,https://www.dropbox.com/s/7a5m8fyhz3jgpos/Jan-Christian%20Fey%20%20-%20S12_P11_slides.pdf?dl=0,438781339,438781369,Jan-Christian Fey,University of St. Gallen,Hato Schmeiser,University of St. Gallen,Florian Schreiber,Lucerne University of Applied Sciences and Arts,,,,,,,Chul Jang,Korea Insurance Research Institute,441336939
12,13,Old and New Results on Entrepreneurship and Risk,EGRIE,"Risk, Entrepreneurship, Stochastic Dominance, Risk Tolerance, Relative Risk Aversion, HARA Utility",https://www.dropbox.com/s/o7ebhmungn3u7zr/Richard%20Watt%20-%20S12_P13_paper.pdf?dl=0,https://www.dropbox.com/s/tjw7da4os3p8c9o/Richard%20Watt%20-%20S12_P13_slides.pdf?dl=0,438376313,438376304,Richard Watt,University of Canterbury,Claudio Bonilla,Universidad de Chile,Marcos Vergara,Universidad del Desarollo,,,,,,,Till Förstemann,Deutsche Bundesbank,440131345
12,14,Nonmonotonic Risk Preferences Over Lottery Comparison,ARIA,"Nonmonotonic Risk Preference, Non-Integer Stochastic Dominance, Almost Stochastic Dominance, Lottery",https://www.dropbox.com/s/2u6k9a08paje7g1/Tsz%20Chung%20Lo%20-%20S12_P14_paper.pdf?dl=0,https://www.dropbox.com/s/1etwk541giua4v7/Tsz%20Chung%20Lo%20-%20S12_P14_slides.pdf?dl=0,438782370,438782405,Wei Zhu,University of International Business and Economics,Hongwei Bi,University of International Business and Economics,,,,,,,,,Jan-Christian Fey,University of St. Gallen,441334276
12,15,Optimal Demand for Index Insurance Under Basis Ambiguity,EGRIE,"Ambiguity Aversion, Insurance Demand, Statistical Relationship",https://www.dropbox.com/s/71l2gpj16nzxxpm/Osaki%20Yusuke%20-%20S12_P15_paper.pdf?dl=0,https://www.dropbox.com/s/34svrthf4li5ul8/Osaki%20Yusuke%20-%20S12_P15_slide.pptx?dl=0,442014975,442014998,Yusuke Osaki,Waseda University,Yoichiro Fujii,Meiji University,,,,,,,,,Arnaud Goussebaïle,ETH Zürich,441336476
12,16,Optimal Insurance Under Risk and Smooth Ambiguity Revisited,ARIA,"Optimal Insurance, Ambiguity, Smooth Ambiguity Aversion",https://www.dropbox.com/s/ea91jtbgc1a21gt/My%20Dam%20%20-%20S12_P16_paper.pdf?dl=0,https://www.dropbox.com/s/0617r6ixx476qy5/My%20Dam%20%20-%20S12_P16_slides.pdf?dl=0,438692933,438692956,My Dam,University of Evry,Francois Pannequin,ENS Paris-Saclay,Yacine Chitour,Paris-XI University,,,,,,,Petra Steinorth,University of Hamburg,438242622
12,17,"Protection Schemes, Contagion and the Economy",EGRIE,"Protection Schemes, Contagion, Procyclicality, Optimal Pricing, Economic Effects",https://www.dropbox.com/s/qujfp3lejzpoxq2/Till%20F%C3%B6rstemann%20%20-%20S12_P17_paper.pdf?dl=0,https://www.dropbox.com/s/dxi0zdpzyiyuxf1/Till%20F%C3%B6rstemann%20%20-%20S12_P17_slides.pdf?dl=0,438282822,438289477,Till Förstemann,Deutsche Bundesbank,Ferdinand Mager,EBS Universität,,,,,,,,,George Zanjani,University of Alabama,441339303
12,18,"Solvency Dynamics in Multi-Line Insurance: Pricing, Capital Allocation, and Insurance Cycle",EGRIE,"Premium Default, Capital Allocation, Surplus, Insurance Cycle",https://www.dropbox.com/s/i7w3muh5navhk8v/sanou%20adama%20-%20S12_P18_paper.pdf?dl=0,https://www.dropbox.com/s/ghmq6vy5ujtj5xr/sanou%20adama%20-%20S12_P18_slides.pdf?dl=0,439056259,439056271,Sanou Adama,Laval University,Issouf Soumaré,Laval University,,,,,,,,,My Dam,University of Evry,441344039
12,19,The Merits of Pooling Claims: Mutual vs. Stock Insurers,ARIA,"Diversification, Utility Measurements, Risk Analysis, Risk Pooling",https://www.dropbox.com/s/mb4sucmb7fx5zu3/Hato%20Schmeiser%20-%20S12_P19_Paper.pdf?dl=0,https://www.dropbox.com/s/02yomwfopjryuv6/Hato%20Schmeiser%20-%20S12_P19_slides.pdf?dl=0,438651772,438651811,Hato Schmeiser,University of St. Gallen,Carolina Orozco-Garcia,Helvetia Insurance Company,,,,,,,,,Mario Ghossoub,University of Waterloo,440131284
13,1,Estimating Spillover Effects in Property Casualty Insurance Consumption,ARIA,"Spatial Model, Insurance Consumption, Spillover Effect, China",https://www.dropbox.com/s/8son5wwl2yujpuf/Doug%20Bujakowski%20%20-%20S13_P1_paper.pdf?dl=0,https://www.dropbox.com/s/yw7hzvftmdu4yqe/Doug%20Bujakowski%20%20-%20S13_P1_slides.pdf?dl=0,438346062,438346229,Doug Bujakowski,Drake University,Shinichi Kamiya,Nanyang Technological University,,,,,,,,,Tao Sun,Lingnan University,441346393
13,3,Information Access and Homeowners Insurance Demand,APRIA,"Homeowners Insurance, Information Access, Causal Inference, Singular-Value-Decomposition Matching",https://www.dropbox.com/s/cqf6yqrm60378o4/richard%20butler%20-%20S13_P3_paper.pdf?dl=0,https://www.dropbox.com/s/1ngfdmnk4pfb72a/richard%20butler%20-%20S13_P3_slides.pptx?dl=0,433323070,433323158,Richard Butler,Brigham Young University,,,,,,,,,,,Yuan (Sabrina) Du,Temple University,440049878
13,4,NatCats and Insurance in a Developing Economy - New Theoretical and Empirical Evidence,EGRIE,"Insurance Penetration, Natural Catastrophes, Insurance Regulation",https://www.dropbox.com/s/m4re5k9osl6mkgl/Christian%20Hott%20-%20S13_P4_paper.pdf?dl=0,https://www.dropbox.com/s/2muzw98rc3rz22s/Christian%20Hott%20-%20S13_P4__sides.pdf?dl=0,437935399,437935867,Christian Hott,Helmut-Schmidt University Hamburg,Thi Xuyen Tran,Helmut-Schmidt University Hamburg,,,,,,,,,Martin Lehmann,University of St. Gallen,441343680
13,6,Product Diversification as a Performance Boosting Strategy? Drivers and Impact of Diversification Strategies in the Property-Liability Insurance Industry,EGRIE,"Insurance Companies, Diversification, Risk, Performance",https://www.dropbox.com/s/c4o71s26dd70xqv/Patty%20Duijm%20%20-%20S13_P6_paper.docx?dl=0,https://www.dropbox.com/s/w4cxsk70j1s2gu5/Patty%20Duijm%20%20-%20S13_P6_slides.pptx?dl=0,438652319,438652346,Patty Duijm,De Nederlandsche Bank,Ilke Van Beveren,De Nederlandsche Bank,,,,,,,,,Mark Browne,St. John's University,441342969
13,7,"Societal Trust, Risk Avoidance and Corporate Risk-Taking: Evidence from the Global Insurance Industry",ARIA,"Insurer Risk-Taking, Societal Trust, Risk Avoidance, Financial Crisis",https://www.dropbox.com/s/89n64lw5xkye3gs/tao%20sun%20%20-%20S13_P7_paper.pdf?dl=0,https://www.dropbox.com/s/0da7fdf7o4kzzhg/tao%20sun%20%20-%20S13_P7_slides.pdf?dl=0,437769326,437769444,Tao Sun,Lingnan University,,,,,,,,,,,David Pooser,St. John's University,441337841
13,8,The Determinants of Customer Satisfaction in Automobile Insurance,ARIA,"Customer Satisfaction, Automobile Insurance, Demographics",https://www.dropbox.com/s/v6qbuj24sx9fkhm/David%20Pooser%20-%20S13_P8_paper.pdf?dl=0,https://www.dropbox.com/s/hrdq26coshzzy41/David%20Pooser%20-%20S13_P8_slides.pptx?dl=0,438564859,438564910,David Pooser,St. John's University,Mark Browne,St. John's University,,,,,,,,,Doug Bujakowski,Drake University,440314982
13,9,Transformation of the Russian Insurance Market,APRIA,"Russian Insurance Market Transformation, Insurance Supervision, Key Insurance Market Indicators, Guarantees of Financial Stability, Key Insurance Market Trends, Pandemic Impact",https://www.dropbox.com/s/vmb6naixy692ous/Nadezda%20Kirillova%20%20-%20S13_P9_paper.docx?dl=0,https://www.dropbox.com/s/thc62hcn37m0hmb/Nadezda%20Kirillova%20%20-%20S13_P9_slides.pptx?dl=0,442014953,442159749,Nadezda Kirillova,Financial University under the Government of the Russian Federation,Alexander Tsyganov,Financial University under the Government of the Russian Federation,,,,,,,,,Randy Dumm,Temple University,443159803
13,10,Utilization of Input Factors in the German Property and Casualty Insurance Industry,ARIA,"Insurance, Multi-Stage Data Envelopment Analysis, Input Utilization",https://www.dropbox.com/s/9cazgj0w898fn78/Martin%20Lehmann%20%20-%20S13_P10_paper.pdf?dl=0,https://www.dropbox.com/s/d897n6pvpovoarq/Martin%20Lehmann%20%20-%20S13_P10_slides.pdf?dl=0,436764113,436764222,Martin Lehmann,University of St. Gallen,Martin Eling,University of St. Gallen,Philipp Schaper,University of St. Gallen,,,,,,,Patty Duijm,De Nederlandsche Bank,441344565
13,11,Multidimensional Barriers to Entry in the Insurance Industry,ARIA,"Barriers To Entry, Market Entry, Structural Model",https://www.dropbox.com/s/ntgqqftlwvpe4vn/Yuan%20%28Sabrina%29%20Du%20%20-%20s13_p11_paper.pdf?dl=0,https://www.dropbox.com/s/aevcrj7w9ev4zcw/Yuan%20%28Sabrina%29%20Du%20%20-%20s13_p11_slides.pdf?dl=0,437951708,437952206,Yuan (Sabrina) Du,Temple University,,,,,,,,,,,Richard Butler,Brigham Young University,438039748
14,1,A Dynamic Analysis of the Demand for Life Insurance During the 2008 Financial Crisis: Evidence from the Panel Survey of Consumer Finances,ARIA,"Life Insurance, Household Portfolio, Financial Crisis, Household Characteristics",https://www.dropbox.com/s/35ob3ogcl639bhr/Ning%20Wang%20-%20S14_P1_paper.pdf?dl=0,https://www.dropbox.com/s/ubqv51rfg6m8nn5/Ning%20Wang%20-%20S14_P1_slides.pptx?dl=0,438238887,438274978,Ning Wang,University of North Georgia,,,,,,,,,,,Stephen Fier,University of Mississippi,439265250
14,2,An Examination of Life Insurance Policy Surrender and Loan Activity,ARIA,"Life Insurance, Policy Loan, Policy Surrender, Survey of Consumer Finances",https://www.dropbox.com/s/z3tm3yzfxneconn/Stephen%20Fier%20-%20S14_P2_paper.pdf?dl=0,https://www.dropbox.com/s/m7pn9iivneotk4d/Stephen%20Fier%20-%20S14_P2_slides.pptx?dl=0,437892050,437892076,Stephen Fier,University of Mississippi,Cassandra Cole,Florida State University,,,,,,,,,Ning Wang,University of North Georgia,440673801
14,3,Can Social Pension Program Reduce Poverty? Evidence from China,APRIA,"Pension, Poverty, China, Population Aging",https://www.dropbox.com/s/zqitg7powip75zb/Zining%20Liu%20%20-%20S14_P3_paper.pdf?dl=0,https://www.dropbox.com/s/0cjxgkikfpnifmp/Zining%20Liu%20%20-%20S14_P3_slides.pdf?dl=0,438652748,438652793,Zining Liu,Peking University,,,,,,,,,,,Inka Eberhardt,"CEPAR, UNSW Sydney",441339857
14,4,"Frames, Incentives and Information: A Study of How They Impact Claiming Behavior in Canada",ARIA,"Social Security, Annuities, Retirement, Financial Decision Making",https://www.dropbox.com/s/0eub9g6x3exczcn/Franca%20Glenzer%20-%20S14_P4_paper.pdf?dl=0,https://www.dropbox.com/s/qjqx4st91out7av/Franca%20Glenzer%20-%20S14_P4_slides.pdf?dl=0,441338791,441338929,Franca Glenzer,HEC Montréal,Pierre-Carl Michaud,HEC Montréal,Stefan Staubli,HEC Montréal,,,,,,,Katharina Stein,University of Duisburg-Essen,440315095
14,5,Do Corporates Set Pension Discount Rates Strategically?,ARIA,"Pension Discount Rate, Earnings Management, Low Interest Rate, Pension Liabilities",https://www.dropbox.com/s/ylo5kpi2b5fm7mp/Tong%20Yu%20%20-%20pensiondr_20200717.pdf?dl=0,https://www.dropbox.com/s/zfaqi7xqv3b1mnd/Tong%20Yu%20%20-%20slides_pdr_wriec2020.pdf?dl=0,440674241,440674279,Tong Yu,University of Cincinnati,Liping Chu,Shanghai University of International Business and Economics,Michael Goldstein,Babson College,Xin Li,University of Cincinnati,,,,,Po-Lin Wang,University of South Florida,441344912
14,6,Follow the Rating? How Disclosure Affects Retirement Income Product Choices in a Discrete Choice Experiment,ARIA,"Retirement Income Products, Choice Experiment, Annuitization Puzzle, Product Disclosure",https://www.dropbox.com/s/zuqoh2jglgs6amp/Inka%20Eberhardt%20%20-%20S14_P6_paper.pdf?dl=0,https://www.dropbox.com/s/zoj7x9lqrxgnp9n/Inka%20Eberhardt%20%20-%20S14_P6_slides.pdf?dl=0,439263846,439263895,Inka Eberhardt,"CEPAR, UNSW Sydney",Hazel Bateman,"CEPAR, UNSW Sydney",,,,,,,,,Franca Glenzer,HEC Montréal,441339109
14,7,Generational Wealth Accounts: Did Public and Private Inter-Generational Transfers Offset Each Other Over the Financial Crisis?,ARIA,"Inter-Generational Transfers, Inter-Generational Risk Sharing, Financial Crisis, Economic Demography",https://www.dropbox.com/s/d6xzgomtcde43lb/David%20McCarthy%20%20-%20S14_P7_paper.pdf?dl=0,https://www.dropbox.com/s/m07tpnkkc3vxd2j/David%20McCarthy%20%20-%20S14_P7_slides.ppt?dl=0,438781159,438781192,David McCarthy,University of Georgia,James Sefton,Imperial College,Ronald Lee,University of California at Berkeley,Joze Sambt,University of Ljubljana,,,,,Yuanyuan Deng,"CEPAR, UNSW Sydney",440680668
14,10,Life Insurance Demand and Borrowing Constraints,ARIA,"Life Insurance, Borrowing Constraints, Financial Development",https://www.dropbox.com/s/baqruqpkd1lnx6a/Bojan%20Srbinoski%20-%20S14_P10_paper.pdf?dl=0,https://www.dropbox.com/s/ieiyulxaowaicz2/Bojan%20Srbinoski%20-%20S14_P10_slides.pptx?dl=0,432890329,432890343,Bojan Srbinoski,University Carlo Cattaneo - LIUC,Klime Poposki,University St. Kliment Ohridski,Patricia Born,Florida State University,Valter Lazzari,University Carlo Cattaneo - LIUC,,,,,Cheng Wan,"CEPAR, UNSW Sydney",441334821
14,13,On Children’s Motives to Influence Parents’ Long-Term Care Insurance Purchase,ARIA,"Long-Term Care Insurance, Adult Children, Informal Care, Bequest",https://www.dropbox.com/s/zgwspzndx2rqcw0/Guillem%20Montoliu-Montes%20%20-%20S14_P13_paper.pdf?dl=0,https://www.dropbox.com/s/wnmgcp0kpt8pjle/Guillem%20Montoliu-Montes%20%20-%20S14_P13_slides.pdf?dl=0,437881903,437882186,Christophe Courbage,Geneva School of Business Administration (HES-SO),Guillem Montoliu-Montes,"Geneva School of Business Administration (HES-SO), University of Lausanne (HEC)",Joël Wagner,University of Lausanne (HEC),,,,,,,Hazel Bateman,"CEPAR, UNSW Sydney",441339679
14,15,Optimal Default Retirement Saving Policies: Theory and Evidence from OregonSaves,ARIA,"State-Sponsored Retirement Plans, Automatic Enrollment, Optimal Default Saving Rate, Undersaving, Inattention",https://www.dropbox.com/s/vupbknrpn9p8d4p/Mingli%20Zhong%20-%20S14_P15_paper_updated.pdf?dl=0,https://www.dropbox.com/s/7xvkt2tfxwlb1iv/Mingli%20Zhong%20-%20S14_P15_slides_updated.pdf?dl=0,437171163,437171187,Mingli Zhong,National Bureau of Economic Research (NBER),,,,,,,,,,,Brent Davis,TIAA Institute,440769585
14,16,Optimal Portfolio Choice with Longevity and Health Insurance Products in a Developing Country Context,ARIA,"Annuities, Long-Term Care Insurance, Critical Illness Insurance, Life-Cycle Modelling",https://www.dropbox.com/s/n9jcu86co3khksv/Cheng%20Wan%20%20-%20S14_P16_paper.pdf?dl=0,https://www.dropbox.com/s/6usmc59ybk5mr5p/Cheng%20Wan%20%20-%202020-07-16%2002-53-36%20-%20S14_P16_slides.pdf?dl=0,438651565,438651598,Cheng Wan,"CEPAR, UNSW Sydney",Hazel Bateman,"CEPAR, UNSW Sydney",Katja Hanewald,"CEPAR, UNSW Sydney",Hanming Fang,"CEPAR, UPenn, ShanghaiTech University",,,,,Tong Yu,University of Cincinnati,442015044
14,17,Participating Life Insurance Contracts with Periodic Premium Payments Under Regime Switching,APRIA,"Life Insurance, Periodic Payments, Expected Utility, Regime Switching",https://www.dropbox.com/s/1ae95p81mvbqsls/Katharina%20Stein%20-%20S14_P17_paper.pdf?dl=0,https://www.dropbox.com/s/wzfwoyuo6pgcihv/Katharina%20Stein%20-%20S14_P17_slides.pdf?dl=0,436818587,436820564,Sascha Offermann,University of Duisburg-Essen,Katharina Stein,University of Duisburg-Essen,Antje Mahayni,University Duisburg-Essen,,,,,,,Guillem Montoliu-Montes,Geneva School of Business Administration (HES-SO),440315033
14,18,Selection Behaviour in the Market for Private Complementary Long-Term Care Insurance in Germany,EGRIE,"Advantageous Selection, Lapse, Long-Term Care Insurance",https://www.dropbox.com/s/urevllv8rmg3yvr/Joerg%20Schiller%20%20-%20S14_P18_paper.pdf?dl=0,https://www.dropbox.com/s/czh997002kk759i/J%C3%B6rg%20Schiller%20%20-%20S14_P18_slides.pdf?dl=0,438460127,438460162,Jörg Schiller,University of Hohenheim,Christopher Schreckenberger,University of Hohenheim,Jan M. Bauer,Copenhagen Business School,Max-Josef Trautinger,University of Hohenheim,,,,,Philippe d'Astous,HEC Montréal,440049819
14,19,Tax Diversification and Inertia in Contribution Location Decisions Between Roth and Traditional Retirement Plans,ARIA,"Roth, Retirement, Asset Location, Tax Diversification",https://www.dropbox.com/s/tpo5lsdxpplunvp/S14_P19_paper.pdf?dl=0,https://www.dropbox.com/s/ejklbq78kgiwpuy/S14_P19_slides.pdf?dl=0,438308095,438308230,Brent Davis,TIAA Institute,David Richardson,TIAA Institute,,,,,,,,,Hansel Teo,Toulouse School of Economics,440315051
14,22,The Impact of Public Pension on Household Consumption in China: Quantitative Analysis Based on Panel Data,APRIA,"Public Pension System, Household Consumption, The Extended Life Cycle Theory, Feasible Generalized Least Squares",https://www.dropbox.com/s/qro81baefdb04es/Jiaxuan%20Zhou%20%20-%20S14_P22_Paper.docx?dl=0,https://www.dropbox.com/s/v3owmsn1d5h56jq/Jiaxuan%20Zhou%20%20-%20S14_P22_Slides.pptx?dl=0,438197897,438242518,Jiaxuan Zhou,Central University of Finance and Economics,,,,,,,,,,,Zining Liu,Peking University,442362099
14,23,The Value of Long-Term Care Insurance: A Sufficient-Statistics Approach,ARIA,"Long-Term Care Insurance, Consumption-Smoothing, Willingness to Pay",https://www.dropbox.com/s/f58tbf69rg3gity/Hansel%20Teo%20-%20S14_P23_paper.pdf?dl=0,https://www.dropbox.com/s/zhpo7969ud3mj1a/Hansel%20Teo%20-%20S14_P23_slides.pdf?dl=0,438564986,438565018,Hansel Teo,Toulouse School of Economics,,,,,,,,,,,David McCarthy,University of Georgia,441337667
14,24,"Wait Your Turn: Pension Incentives, Workplace Rules and Strategic Labor Supply Among Employees of the City of Philadelphia",ARIA,"Pension Incentives, Overtime, Labor Supply",https://www.dropbox.com/s/m1qndyp36u39mri/Po-Lin%20Wang%20%20-%20S14_P24_paper.pdf?dl=0,https://www.dropbox.com/s/g0ukewlzu5kzxzs/Po-Lin%20Wang%20%20-%20S14_P24_slides.pdf?dl=0,438781964,438782002,Po-Lin Wang,University of South Florida,David McCarthy,University of Georgia,,,,,,,,,Ralph Rogalla,St. John's University,441345427
15,1,Campaign Contributions and Regulatory Capture in Insurance Markets,ARIA,"Regulation, Campaign Contributions, Incumbency",https://www.dropbox.com/s/3oj7b3rwjafl9i9/Brad%20Karl%20-%20S15_P1_Paper.docx?dl=0,https://www.dropbox.com/s/nw35yxp6ddxqvo2/Brad%20Karl%20-%20S15_P1_Slides.pptx?dl=0,438692705,438692733,Patricia Born,Florida State University,J. Bradley Karl,East Carolina University,Lars Powell,University of Alabama,,,,,,,Marc Ragin,University of Georgia,441342597
15,2,Political Uncertainty and Insurance Prices,ARIA,"Regulation, Political Uncertainty, Political Economy, Elections",https://www.dropbox.com/s/dpgws8g1hq478x8/Junhao%20Liu%20-%20S15_P2_paper.pdf?dl=0,https://www.dropbox.com/s/79heaapbwtqz8iy/Junhao%20Liu%20-%20S15_P2_slides.pdf?dl=0,438546005,438546040,Junhao Liu,University of Sydney,Tyler Leverty,University of Wisconsin - Madison,,,,,,,,,Ana Maria Tenekedjieva,University of Chicago Booth School of Business,441335534
15,3,Licensing the Undocumented: Traffic Safety and Auto Insurance Analysis,ARIA,"Auto Insurance, Driver’s Licensing, Undocumented Individuals",https://www.dropbox.com/s/qgn8volpa7rfvhx/Charles%20Nyce%20%20-%20S15_P3_paper.pdf?dl=0,https://www.dropbox.com/s/pt7i5d2nsa1wpaf/Charles%20Nyce%20%20-%20S15_P3_slides.pptx?dl=0,438692745,438692764,Charles Nyce,Florida State University,J. Bradley Karl,East Carolina University,Ricardo Zamarripa Chavez,Florida State University,,,,,,,Lars Powell,University of Alabama,440673633
15,4,Option-Implied Solvency Capital Requirements,EGRIE,"Capital Regulation, Solvency II, Options, Risk Management",https://www.dropbox.com/s/7i14xs6gtbgb145/Jan%20Bauer%20-%20S15_P4_paper.pdf?dl=0,https://www.dropbox.com/s/hysgu0cqdjzsjn3/Jan%20Bauer%20-%20S15_P4_slides.pdf?dl=0,438651849,438651885,Jan Bauer,University of Mannheim,Markus Huggenberger,University of Mannheim,,,,,,,,,Renaud Bourlès,Aix-Marseille School of Economics,440673903
15,5,Prudential Regulation in Financial Networks,EGRIE,"Financial Network, Risk-Taking, Prudential Regulation",https://www.dropbox.com/s/7mlob5452o9j33b/Renaud%20Bourl%C3%A8s%20-%20S15_P5_paper.pdf?dl=0,https://www.dropbox.com/s/z8t84ymrzzq0px3/Renaud%20Bourl%C3%A8s%20-%20S15_P5_slides.pdf?dl=0,437989408,437988043,Renaud Bourlès,Aix-Marseille School of Economics,Mohamed Belhaj,"Aix-Marseille School of Economics, IMF",Frédéric Deroïan,Aix-Marseille School of Economics,,,,,,,Jan Bauer,University of Mannheim,439319600
15,6,Regulatory Arbitrage or Spillover Effects? The Impact of Solvency II on the U.S. Insurance Market,APRIA,"Solvency Regulation, Solvency II, Regulatory Arbitrage, Regulatory Spillover",https://www.dropbox.com/s/x4rrsntvfx5qehb/Jianren%20Xu%20%20-%20S15_P6_paper.pdf?dl=0,https://www.dropbox.com/s/8ndckm7w1iok2oy/Jianren%20Xu%20%20-%20S15_P6_slides.pdf?dl=0,439264132,439264181,Jianren Xu,University of North Texas,Ruo Jia,Peking University,Shuyan Liu,Shanghai University of Finance and Economics,Jinjing Wang,University of Akron,,,,,Bo Wang,Central University of Finance and Economics,440669156
15,7,Research on the Market Risk Minimum Capital Requirements and Asset Allocation Under C-ROSS: Based on a Listed Property Insurance Company in China,APRIA,"Market Risk, Minimum Capital Requirement, C-ROSS Standard Formula, Internal Model",https://www.dropbox.com/s/wrgbith8vkywzoq/Bo%20Wang%20%20-%20S15_P7_paper.pdf?dl=0,https://www.dropbox.com/s/0c3wjw3jjj4cwkd/Bo%20Wang%20%20-%20S15_P7_slides.pdf?dl=0,438545926,438545975,Bo Wang,Central University of Finance and Economics,Sujin Zheng,Central University of Finance and Economics,,,,,,,,,Jianren Xu,University of North Texas,441340744
15,8,How Risky is Distracted Driving?,ARIA,"Distracted Driving, Crash Risk, Fatal Accidents",https://www.dropbox.com/s/j6q4vr6pe7kwcou/Brad%20Karl%20-%20S15_P8_Paper.docx?dl=0,https://www.dropbox.com/s/h6nj4cxyhbt4ho4/Brad%20Karl%20-%20S15_P8_Slides.pptx?dl=0,439319665,439319655,Charles Nyce,Florida State University,J. Bradley Karl,East Carolina University,Lars Powell,University of Alabama,Boyi Zhuang,University of Alabama,,,,,Junhao Liu,University of Sydney,441341606
15,9,The Revolving Door and Insurance Solvency Regulation,ARIA,"Insurance Regulation, Revolving Door, Career Concerns, Insurance Commissioners, Financial Strength Ratings, Revolving Door State Laws",https://www.dropbox.com/s/xngaddeus8m859i/Ana%20Maria%20-%20S15_P9_paper.pdf?dl=0,https://www.dropbox.com/s/y2u9xfk6wxfd4qf/Ana%20Maria%20-%20S15_P9_slides.pdf?dl=0,438780935,438780964,Ana Maria Tenekedjieva,Federal Reserve Board,,,,,,,,,,,Martin Grace,Temple University,441343296
